Original,Reconstructed,Label_True,Label_Pred,Loss_Score,Mean_Prob_Score,Min_Prob_Score
ftrgmlpbrreeqzvaccaoemlsvliqceudlavqhzthdazbiczvdoac,ftrgmlpbrfeebzcaccboeelsvliqceuulavqhzthdtziiczrdoacffffffffff,0,0,10.474245,0.06601311,1.07851406e-07
puluhhullthelcftpffgueqmfp,puluohulltgelfftpffgunamfppppppppppppppppppppppppppppppppppppp,0,0,9.37071,0.0957102,8.169597e-08
dkcpdmoeghoysafcisqcqaoxn,dkcpdmoeggoysafcisdcqaoxnecooddddddddddddddddddddddddddddddddddd,1,1,11.359258,0.003213941,6.753831e-09
eoeqchtzsmfsueppcpzmnteuhpswdts-enffgqcfybdrmst,ooeqchtzsmmsueoptpzmnttuhpswdts-efffgqcfybdrmmtioeeeeeeeeeeeee,1,0,10.943787,0.037059776,7.566245e-11
zqtocbnnzbnzetvltlsilvfvdptpifvzlgidddca,zqttccnnnbnzzcvltlsilvfvdpttifvzlgidddbazzzzzzzzzzzzzzzzzzzzzz,0,0,9.578166,0.08866635,1.399129e-07
ivezzlldkoldste@dbu-weznvhmdotefqp,ivezzlgdkoldstetdbu-weznvhmaptefqpiiiiiiiiiiiiiiiiiiiiiiiiiiii,1,0,11.110025,0.06937014,5.97087e-11
fudgiplbfuhcnmglcagavbv,fudgiplffuhcnmglcagtntvfffffffffffffffffffffffffffffffffffffff,0,0,10.678236,0.013171663,5.0345875e-08
viedezaaohrbdrsqzgoteohrnvlzhvourf,viedezaaohrbdrsqzgoteohrnvlzhvourfvvvvvvvvvvvvvvvvvvvvvvvvvvvv,0,0,11.697036,0.033074517,2.1585585e-07
eihlpdnbtdgtfghvggpgqpdmunqqtvlgucrloqn,iihlpdgbttghfghvggppqpdmmnqqtvmnucrloqqeeeeeeeeeeeeeeeeeeeeeee,0,0,9.7906885,0.06672671,3.742559e-08
itcleqfertldfobsmndhotiseipidfhfgumceqnqgqqrsdidtplof,iicleofertldfobsmndhotitetfidfcfgumccqnqgqhrsdidttlosfiiiiiiiii,0,0,10.542754,0.02922474,7.361313e-08
zvhasnecshoalzuedlmgrdsuhrrtziuh,zzhasneeshdalzuedlmgrdsuhrrttiuhrzzzzzzzzzzzzzzzzzzzzzzzzzzzzz,0,0,11.5506115,0.039418254,2.5647271e-08
dcternaiscfzvufehvbvqilcaupudmpgprdnhdoeumcuahgbnqozvgmvl,dctetdaiscfzvufqhvbvqllcdueudipfppdndddeupcuahgbbbozvgbhlddddd,0,0,9.878399,0.01630133,8.049923e-08
fhvbctdteozmfrttzgittgscdsiqdpgldmomznftqigftrppgvbogvdoulmf,fbvbctdttoumfrttziittgscdsiqdpoldmtmmnftqggftrpogvboggdoulmfff,0,0,10.637612,0.059231568,1.797347e-08
sormgvlvmhgffpppspbioglplfopfvobfsvvnbetggqzebuhszsu,oormgvlvmmgffpppspbioglplfopfvobfotvnbetgfqzebuhszsussssssssss,0,0,11.012961,0.08695885,2.6221976e-08
edzmcmbuurzvhieocsbiqrrmnuoacoaindmoozmdergztcpuocnlz,ddzucebubrzvhieccsbiqrrmnuoacorindcoozmdergztcirocnlgeoeeeeeee,0,0,10.290061,0.073071584,1.361262e-07
heiczbuauorconhdpzqagaalzbrpgipcp,heiihbuauorconhdpzqagaalpbrpgipmbhhhhhhhhhhhhhhhhhhhhhhhhhhhhh,0,0,10.948362,0.04318644,5.8480005e-08
rcvnspzmsmncfdpvhsovevfqrsmftatrleipvugmzvof,rcvnspzmsmncfdpvhdirevfqrcmftatrlectvugmzrogrrrrrrrrrrrrrrrrrr,0,0,10.7714815,0.009454582,2.6462814e-07
zrfbmsccvaqtdbrzqigccngchmnspqftftuhdqqfdepeipeeesu,zrfbmsccvattdbrzqigccngcmmnspqfdftdhqqqfdepiipeeesuzzzzzzzzzzz,0,0,9.384908,0.10950385,5.630627e-08
iuz-czllmeeoccrlmsn#nwarnqaacwoelble#qcqulze,iuz-ccllmeeoccrlhsnnwarnqcacioelbleqcqulzeqiiiiiiiiiiiiiiiiii,1,0,10.514009,0.07790908,1.0256211e-09
leufltbsadniblnfvdlczgrblobfmvau,uuufllbsadncblnfvdlcbgrolobfmvatuuuuuuuuuuuuuuuuuuuuuuuuuuuuuu,0,0,11.369142,0.033631265,1.3346548e-08
emrbragepqstfpegpfucnmcvhuhglmaiglzonmv,emrbraggpqgtepegpfucnmophuhglmaigpzonmveeeeeeeeeeeeeeeeeeeeeee,0,0,11.082313,0.0101445215,3.3619493e-08
hdzqdeettmenfqdtuursfllgaoudairagfzpcqotnittit,hdzqdeehtmenfcdtuudshllgaoudtiragfzpcqqttittithhhhhhhhhhhhhhhh,0,0,9.912017,0.10039995,8.924498e-08
nlqlilapjfbapgbb-qmnbtn,nnqnulapjfbapgbb-qmnbthnnnnnnnnnnnnnnnnnnnnnnnnnnnnnnnnnnnnnnn,1,0,10.937471,0.051751975,2.073709e-09
shufstceliugmehvasgzsutcm,uuufssceliugmehvgsgzsstcmuuuuuuuuuuuuuuuuuuuuuuuuuuuuuuuuuuuuu,0,0,10.88259,0.013440346,3.3543447e-08
sdudvgzo@wiy-gdchls@duvicfbvsagouisc!kc,ddudvgzz@wiytgdchzsqduvicfavsaaouiscqkcsssssssssssssssssssssss,1,0,11.390626,0.012218396,1.6515693e-10
lmcflfozdvrrssverlveagzoziliizfvoosdvzaggfumpbbzubqzu,lmcfloozdvrrssvorldeagzvzilivzfvoosdvzrggfumpbbzubqqulllllllll,0,0,9.958829,0.124064915,5.588218e-08
phdsushngsdcclopsipadpptcvfnztecaveadfamihcumhnznmlb,hhdsuhhngsucclopsipodpotcvfnztecaveadftmihcumhponmlbnnnnnnnnnn,0,0,10.856236,0.051423054,1.2143897e-07
qethanumpoltvvniaruppuvenzqpuosepbzmcoebflgvicrgvdco,qethhfumpolttvqiaruppuvenzqpuosepbzbcoepflgvpcrgvdcoqqqqqqqqqq,0,0,11.365579,0.03010272,3.2707806e-08
lnmgrtfppatrazlreqegvbaepqbnoimbplpmhfl,nnmgrtfspstravlreeegvbaepqbnoembplgmhflitttqqqqqqqqqqqqqqqqqqe,0,0,10.770154,0.015320785,3.4325788e-07
lrzmaisvfbrfeuzrzdppgedcq,lrzmaiiffvrfezzrzdppgedcqlllllllllllllllllllllllllllllllllllll,0,0,9.500599,0.053729687,1.9193126e-07
cmasccpslgpmuaitacaolpadvnvdt,cmmsccpglgpmuaitacaolladvnvdrccccccccccccccccccccccccccccccccc,0,0,11.034788,0.017321687,2.3480808e-08
azvlqtsigmccnuamhaolqbg,vvvlqtsigmmcnuammaolqqgvvvvvvvvvvvvvvvvvvvvvvvvvvvvvvvvvvvvvvv,0,0,10.966112,0.030692188,7.373022e-08
pbdvmnsnhtsrbdlngzffronpimc,pbdvmnsnhtsrbdlngzffronpimcppppppppppppppppppppppppppppppppppp,0,0,12.664406,0.038184848,2.3084758e-07
zdmqqnurshgecbrpfeldatbmhibmpqrenvcpzibbslecserlobiznszhipue,zdmqqnurrhqecbqpfbldaqbmhgbmpqrentcpzibgslecserlobiznszhdpuezz,0,0,11.117353,0.04254302,1.7390182e-08
mbnfofopumugfr-sazibvscwenhtygba@enzsvebdfrive!,mbnfofomumugfr-sazibvscwenhtygbaqnnzsvebdfrivdmmmmmmmmmmmmmmm,1,0,12.25401,0.02217459,8.1422624e-10
scff-cygunhsmgznvornceuvlsbjvhuqlmpd,sccc-cypunhsmgznvvvnceuvlsbvvhuflmpdnnnnnnnsssssssssssssssssss,1,0,10.714084,0.013102535,2.0596302e-09
csbnqoubzliqpuehfoccf@btvon,csbnqoubzliqpuehfoccfqbttonccccccccccccccccccccccccccccccccccc,1,0,11.5058365,0.04298605,6.506531e-11
grzpbnqfnfmdelnqrpolfpqovsddiugtnnooeoqgnit,grzpbnqfnfmdelnqfpolfpqovsddiqgtnnooeoqgnntggggggggggggggggggg,0,0,10.476007,0.07476443,1.440887e-07
d#rqrnpecshm?jteaoqglbab,d#rrrnpgchhmqjhdaaaplbabhdddddddddddddddddddddddddddddddddddddd,1,0,7.885367,0.024943618,4.2632906e-09
ftvhancmpdunuvr-sp@ronhspigzdlhfl?cmcfqbgd,ftvhanccppunpvv-spqronhsmigzolhfvcccfhbgdffffffffffffffffffff,1,0,10.105402,0.017758861,1.8195032e-10
uvphdsruhvlzusnsgbtvtv,uvpddsruhvlzusntgbtvtvuuuuuuuuuuuuuuuuuuuuuuuuuuuuuuuuuuuuuuuu,0,0,11.575921,0.016807703,8.987598e-08
qecsnbqrvktcglngdjuo?,eecsnnovvktcglngpjuorueeeeeeeeeeeeeeeeeeeeeeeeeeeeeeeeeeeeeeee,1,0,10.194855,0.029286524,2.670782e-10
spzbgarozugrcrnspeeuphromipregbfoueavmizaqunhneimn,spzsgaaazugrcrnsppeuphromitsggbfoueavmizrpuncneimnssssssssssss,0,0,11.315874,0.0152288,4.3438728e-08
odcdvvtzcfsbpfpdfizcqlsdzztitbaimpledimoivrh,odcdvvtzqfsbpfpdfizcqlsdaztitbaampledimoivrdoooooooooooooooooo,0,0,11.921853,0.03184145,5.4030803e-08
dqm@lhispx?rdiiqgozusufbacqw#,ddmaahispxerriiqdoousufbacqqqddddddddddddddddddddddddddddddddd,1,0,9.767878,0.047783464,2.31761e-09
qforlespzcoammlqdqpggzoromsdzrg,qforlespzcoammlqdvpggzorommdzrrqqqqqqqqqqqqqqqqqqqqqqqqqqqqqqq,0,0,11.375065,0.07569727,3.899763e-08
emhrosuaflvdtdcgevnvqnqabhrsggrmsafdoopcnzosvhzuemhod,emhrosuaflvdtdcgivnvqnrabhrsggrmdafdoopcnzosvhpuemhodeeeeeeeee,0,0,11.355928,0.04540086,1.367712e-07
ghflbqtitoncbibnrpqe,ghflbqtttoncbibnrpqegggggggggggggggggggggggggggggggggggggggggg,0,0,11.102209,0.011891032,1.6592998e-07
srcplrpuvnlgsiihbavadmmvcenigrmcfnd,srcpllpuvnlgsiihbbvatamvcgnigrmdfndsssssssssssssssssssssssssss,0,0,10.655214,0.040840864,8.719034e-08
tmszqztizcpuimhupaqazmmdpacbzobmbducrzcodamdsoruolhhttthlze,tmmzqzticctgimmupaqtzmddtacbbobmbuucrdcodamdsoruolhhtethlhettt,0,0,9.9415865,0.06685991,1.6392316e-07
oazcokglrlohlrqxdvxtvootktmpvggvyosmm,oazcokgloloolrqxdvxtvootktmevggvyssmmooooooooooooooooooooooooo,1,0,11.063528,0.08863423,4.189649e-10
bpmuzilaoegblmuvagarbhpbuhssh,bpmuzblaoegblmovagazbhppuhssrbbbbbbbbbbbbbbbbbbbbbbbbbbbbbbbbb,0,0,10.522604,0.04859781,3.5929816e-08
gdssfrhsbbmglbzstmzsqpadnldbqfpinvvmibruszicorrhvlbznd,ggssfrhsbbmggazstdnsqpadnldbqfpinvvmiuszgcorrhvlbzdzzzggggg,0,0,10.285439,0.08174466,1.39780605e-08
ahlunefghgfdbsslfetbsipmqezpvduublvrveil,hhhunefghgfdbsslfatbstpmqezpvduublvrveilaaaaaaaaaaaaaaaaaaaaaa,0,0,11.096013,0.063622005,7.701829e-08
rvfvdvehmaitrbshntspfqibzpvtpvvr,vvfvvvbhmaitrhshnpspfpibzpvtpvvrshhhhvvvvvvvvvvvvvvvvvvvvvvvvvv,0,0,9.744999,0.043519855,3.1506292e-07
dobpcrtolfgadqdhncuedrrnmzcphqf,dobdcrtolfgadodhncuedrrnmzcbhqfddddddddddddddddddddddddddddddd,0,0,11.568511,0.042360276,1.8027649e-07
u#urgjyczfzyvagmopmtmmpgzfnflxhmbvb#rsimrvrsmhuprq,rrurggyczfzygagmopmtmmfgzfnflxhmbvbqrsimrvrrmcuprqrrrrrrrrrrrr,1,0,11.172644,0.02760774,1.5429673e-09
hebqhuiuvzhsqoupfrbopvgceedldtbasbllvugomghcgug,hebhhuiuvmhsquupfrbbppgceeoldtbasbllvugommhcgughhhhhhhhhhhhhhh,0,0,10.870185,0.058663603,4.6001038e-08
nvzcdumlnlqssuuttzmtttsiqlgqmgvarmpqtzoatagnva,nvzcdumlnlqssuuttzuttttiqlgqlgpprmpqtzrbtagnvannnnnnnnnnnnnnnn,0,0,9.687567,0.118998505,3.4522227e-08
lebcautsdzleccmrroogqfohmmhumslootes,lebcbutsdzleccmrooogqfohhmpmmmlootesllllllllllllllllllllllllll,0,0,9.589693,0.12315199,6.625159e-08
vnuqp-skaoghfyswzrszp#aegruqfih,vnuqp-skaoghhyswzrrzrgaegruqfihvvvvvvvvvvvvvvvvvvvvvvvvvvvvvvv,1,0,11.538299,0.007122924,2.1318972e-10
ilcmpfrptcetednrfbzuilqtbeqsdqvccznambrqamb,ilcmpprpttetednribzublqtbeqsdvvccznrmbrqlmbiiiiiiiiiiiiiiiiiii,0,0,10.832249,0.035194304,5.3264873e-08
ounszathhopzmtcenhftsipqsbuecdzbqghgbgubtqpqtshddognnog,oonszathhopzmtcenhftstpqpnubcdzbqghgbgubtqpptsdddognnogooooooo,0,0,10.497388,0.062875114,1.05137175e-07
ibolqrotizhbzsbpvgufbfdnmqbuloczgvmvuesoiqdoq,ibolqrftizhbzsbpvguftfdnpqbuloczgvmvufsqbqddbiiiiiiiiiiiiiiiii,0,0,11.042602,0.011733269,1.13834666e-07
lcsvzdavqhuu-!egccasgvereinp@crpwsogs,ccsvzdavqhuu-qegccasgvereiigrnhbwsoohiiiiiiiinnnnnnnnnnnnnnnnn,1,0,9.518011,0.067932785,8.940919e-09
hh?ordsgsmzzltqasrnbtrozpbfrrpcsnaleia-,hhhordsgsmzlllqasrnbtrozpbfrrrcsnaleia-hhhhhhhhhhhhhhhhhhhhhhh,1,0,11.148889,0.0767158,1.4473921e-08
llznvdmzrhsnvfusoapcml,lzznvdmzlhsnvfusoapcclllllllllllllllllllllllllllllllllllllllll,0,0,11.115537,0.086600095,2.6806228e-08
lhlpzlwddeealtipetpxgqmkuninuhbesqe,lhlpzlrddepaltipptpxgqmmuninuhbesqelllllllllllllllllllllllllll,1,0,11.399282,0.06660664,1.5743953e-09
atgqqaqblzuvagliqzmqsdvrnqviecqnlsohzblvznhbogoegrenorveds,ttgqqaqblzuvagliqzmqsnvrnhtiecqnlsohzmlvznhdogoegrenorvddsaaaa,0,0,11.322571,0.028299283,1.6602758e-07
erfi!vrqvpmoghdmsczstftls-cu,erfifvrqvpmoggdmspzstttlr-cueeeeeeeeeeeeeeeeeeeeeeeeeeeeeeeeee,1,0,10.824799,0.01824258,7.236247e-11
vibrgrqimpdvfeutthrduzpsinfiplzsahplgvedmpof,vibrgrrimpdvfeutthrdpzpsiffiplgsahpagvedmbtfvvvvvvvvvvvvvvvvvv,0,0,11.413244,0.033689898,3.228929e-08
dmdnefnhteqvdfeddotacvdbqeslrifegsrmnqcunzedifado,dddndfnhteqvdfeddotacvdbqesleifetsrmqquunzeeifadvddddddddddddd,0,0,10.924519,0.033605985,9.9616564e-08
tcmtnapocmplsptaisvvfnifqgufcvhnfpcafb,tcmtnappcmplsptaisvffnifqgffcchnftcafbtttttttttttttttttttttttt,0,0,10.910447,0.03384348,1.09185365e-07
nouhglvnlcah-pla?gohbh#d@q,nnuhglgnlcahlplavgohbhgdtqnnnnnnnnnnnnnnnnnnnnnnnnnnnnnnnnnnnn,1,0,11.601319,0.012674993,1.3924131e-11
orscqlioaorrtafrrhutdvdcbaeqanregasdfeuosontqptbtepmturaeld,orscqlioaorrtaarrhutdvdcbaeqqnreoasdfeuosoptcptbtepmbobaeldooo,0,0,10.504955,0.0437776,5.2970336e-08
zllgfpucrmvtolrpficblfoabivutm,lllgfpucaavtoorpficblfoabivucmllllllllllllllllllllllllllllllll,0,0,10.864,0.053173166,1.5869205e-08
pdcbbfmvtbqntnqomoipfupepgrbmasznurdlo,pddbbfmmtpqndnqomoopfupepgrbbasznbtdlopppppppppppppppppppppppp,0,0,10.508161,0.04034785,3.4757594e-08
qbvtecvibcllscihvcmdvuosfhl,bbbtecvibcllscihvvtdvuosfhlddddddddddddbbbbbbbbbbbbbbbbqqqbqqq,0,0,10.4197445,0.047923155,1.813027e-07
uqclusnpoepgvqffoaorqn,qqqlusnpoeegvqffoaorqnuqqqqqqqqqqqqqqqqqqqqqqqqqqqqqqqqqqqqqqq,0,0,10.713439,0.06034334,2.8391284e-07
zblqnmzumbqbccoanbresa,zblmnmzumiqbccoanbresazzzzzzzzzzzzzzzzzzzzzzzzzzzzzzzzzzzzzzzz,0,0,11.281551,0.053171754,6.8223585e-08
cisicgzcgzisgodgizlvqm,cisicgzcgziigodgizlvqmgcccccccccccccccccccccccccccccccccccccccc,0,1,12.298996,0.0046889,4.1265462e-08
qrluhqpturpcqmaicdhdstgrivltftbebsocacffarbcuddr,qqluhqpturpdqmaicchdstgrivllfttebsocacffarbbuddrdqqqqqqqqqqqqq,0,0,10.476645,0.052767713,8.110649e-08
yobm?imuqrehveolstmlofsrdmr!s-!ztumvgsheloriectgmnurap,oobmmimuqrepvepltttlofsrdmrs-zztumvgseelooiecimmnuraemmmmmmmmm,1,0,10.966358,0.01578236,9.885476e-10
dsridlapqvaavcvcahzzsninazgvbbrrn,ddrddlappvaavcvcahzzsninrzgvbbrrnddddddddddddddddddddddddddddd,0,0,9.66873,0.12974183,8.212857e-08
enrqgetgmzzsriatmieineioqzhfbvdoicdloseszzivhoondnlbffoc,enrqgettmzzsriatmteineioqzhfqeddicdloseszzivtoondnfbfboceeeeee,0,0,10.060407,0.08297194,1.865674e-08
aqgtbuprrabnvdpgeqmh,aqgtbuprrabbtdpgeqmpaaaaaaaaaaaaaaaaaaaaaaaaaaaaaaaaaaaaaaaaaa,0,0,11.011526,0.061851006,1.0135995e-07
usrpbcmnlnpdnlohrtveaznmqffznrqamhsirhfmige,usspbcmnlnpdnlohrtveaznmqlfvarqamhsishfbigeuuuuuuuuuuuuuuuuuuu,0,0,11.333982,0.010496723,6.275232e-08
fa@qoztlj@mrzfclbsiazcotvmaqztgzmfltnafp@l,fa@qozzlfamrzfclbsifzcotvmaqztozmflgnnfpolffffffffffffffffffff,1,0,11.434463,0.0130064,6.438027e-12
srfcnfhfvqaiirgdabsvoncmqtsdcmbudiiugb,rrfcnfhfvqaiirgpabsvoncmdtsdommudiiugbbbbbbbbbbbbbbbbbbbbbbbbb,0,0,10.665204,0.06440514,1.0372466e-07
dbqzsvhzficudfvpaposuddeenmouqdrlcohguicivblzfcssetotfpnb,dbqzsvhzficudfsppposdddeenmoucdrlctguiiivmlzfisotfpnbooooo,0,0,9.551149,0.065832496,5.4148362e-08
tzabgguvmzvvqnblqhntnsdalfhluphuedubqzgfitcrbgtoaa,tzabgguvmzvvqnblqhntnsqqlfhluphuequbqzgfitctbgtoaatttttttttttt,0,0,11.138542,0.06597205,1.0875666e-07
iflimcdserpegfpifnclsuzligltartqirqzgisqafhroainaragdvogu,fflimcdsenpegfpienslsrzligqtartqirqzgisqafhroainardddvogufsfff,0,0,11.666815,0.016234241,9.200318e-09
mhrrzuovceeeqnebidreoimothlaznefparlvhagmnohvoodi,rrrrzuziceueqrebidreoimothlaznefparlshagmnohvooddrrrrrrrrrrrrr,0,0,10.468039,0.0799578,1.556204e-07
btfflhobuzzfhnlbgefcrpvcpzftmscvfvmeqffeqnqcdeiroaluorpsqgm,bbfflhofuzbfhnlbgefcrpvcpzfmmcccfvmeqffeqfqcdeiroaluorpsqlmbbb,0,0,10.793062,0.060034882,2.9770227e-08
mchbocenbnhldltdifmmfbmccgugmommqtbuc,mchbocenbnhlrftdffmmfbmccgugmbpmqtbucmmmmmmmmmmmmmmmmmmmmmmmmm,0,0,10.045049,0.06472481,2.4034986e-07
vvaufqafqqmmvcprnpvepvhhctmdsovoiueetplieobgqnvrhprrgdeq,vvaufqafqqmmvcprqpvepvhhttmdsovoiueetprpgobgqnvrrprpggeqvvvvvv,0,0,9.774271,0.091369525,2.3713264e-07
fzbtovpqgalngmmofgapaivhurapa,zzbtovpqgfllgmmofgalaavhurapavmmmzzzzzzzzzzzzzzzzzzzzzzzzzzzzzz,0,0,11.179455,0.052307047,7.902736e-08
menemhhghaebbaeqittn,menmmhhggeebbaeqitonmmmmmmmmmmmmmmmmmmmmmmmmmmmmmmmmmmmmmmmmmm,0,0,7.480212,0.17580256,4.775306e-08
ooivcoqtvttaefrtttldshobeuqfqsfazbglee,ooivcoqtvtttefrottldspoeeuqfqspazbgbesoooooooooooooooooooooooo,0,0,9.571247,0.11359309,5.2854606e-08
bsdmqtrcuozeqsbihurczfunrvondqtdahrdf,bsdbqtrcuozeqbbbhurczfonrvvncqtdahrdfbbbbbbbbbbbbbbbbbbbbbbbbb,0,0,11.495731,0.011864553,1.1529485e-07
caedirzdmuzalthzirncadqszvnabqagoupeqfmbbe,caedirzdmupalthzirntaqqzzvgabqagouppqfmbbecccccccccccccccccccc,0,0,10.896125,0.03701273,4.1847066e-08
mmmvzeizbppqvrpdpsdpqcgrdpo,mmvvzeizbppgvqpdpsdgqcgrdpommmmmmmmmmmmmmmmmmmmmmmmmmmmmmmmmmm,0,0,10.1972065,0.1272414,4.5879883e-08
hrmalofphefttfcnppazsh,hrralofpheftttccppazzhhhhhhhhhhhhhhhhhhhhhhhhhhhhhhhhhhhhhhhhh,0,0,10.0451355,0.10142367,7.015529e-08
ioeeuzfnabqtionbnsqpochgcsmaincqrgpiqramgffhfqnertvtbccnnii,ioeeuzfnabqtionbnsqpochncsmaincqrgpnqramgffhfqnerrttbccnniiiii,0,0,11.039404,0.09285228,2.3613923e-07
dppbmgacmigtgmrconcmgtuaqvlq,dppbmgacmpgtgmrgoncmgtuaqvlrdddddddddddddddddddddddddddddddddd,0,0,11.4338665,0.04456109,1.4861337e-07
pqdzhhodcecmtbcvqhezgnhaqu,pqdzhhodcecmtbcvqhezgnhhqpppppppppppppppppppppppppppppppppppp,0,0,10.670971,0.048714444,1.6030114e-07
czsorbachuomsmhnlufppholacnpgpelzmqesmpmlcohiqqhemnbihr,zzsdrbaahhomsmhnlufppholtcnpgpeltmqhsmpmccohiqqhemnbihrnnnmmmm,0,0,11.077085,0.045454346,8.3930615e-08
eorcefedmzntnaqdfdpitanrlqneevvuttthhoqapuuflfudrd,ooocefedmznmnaqffdpitanrqqneevvuutnhhoqapuutlfqdrdoooooooooooo,0,0,10.061,0.11860239,5.5491824e-08
!d#jafaneh!!!lcfveowmlcmpbtgbsaiofddcphzfqfduzbckh,dddjhfanehqttlcfveowmlccpbtgbsaiofddcchzfqfduzbckhdddddddddddd,1,0,11.386184,0.036940657,2.4501299e-09
elsneevulsonurioapicbohoamfqomhag,elsneevulrenurioapicbohoamfqomhaguueeeeeeeeeeeeeeeeeeeeeeeeeee,0,0,12.1149235,0.039948672,6.884865e-08
nuuoderszseqvcepqlhfprschemqurrzzrgpqpfhbvuqqihevvnpfvai,nuuoderszseqvqepquhfprschnmqurrzzrgppffhhvuhqihevvnpfvatnnnnnn,0,0,10.372375,0.08111799,1.1647354e-07
duvlvmglfadbctnzvfanfmieqvafmflccvggcridtimbbrg,duvlfmdlfadbctnzufangmmqqlaamflccvggcridtimbbrdddddddddddddddd,0,0,10.0422945,0.05378499,2.236299e-07
t?pacrioaohkfam-gznuamttsoafzbnuc,pppacrtpaohkfam-gznuamttsonfzbnucooppppppppppppppppppppppppppp,1,0,11.63977,0.045333955,1.0248934e-09
gtngcaplxkbtvfrrnquvdsbvlzsh#hh-lcaiqld,gtnscaplxgbtvfrrnruvdsbbpzshghh-lcaiqlrggggggggggggggggggggggg,1,0,10.430779,0.061051093,6.067463e-10
fqrqdfognprgqtirmevzrgznoeovmdqtealtvcl,ffrqdfoanprpntiimevzrgznoeovmdqtealtvclttfffffffffffffffffffff,0,0,11.444295,0.007210788,5.6855e-08
lfdmansrzdnczmaenufsqeoesecnarthazlqdbvpgirriifoodmgareabdz,lldmansrzddccmaeiufsqeoesecnarehczlbdbvpgirriifoodmgareabbzlll,0,0,10.972342,0.057168867,2.6300615e-08
esfiheifogpnasmoptlgqnasqglbhbnunvgctcseqrdhvvsdleec,esfiheiiogpnatmoptlghnasqglbhbnunvgstcseqddhvvsddeeceeeeeeeeee,0,0,10.62125,0.04898646,5.118009e-07
inafcdobvtzczpsfaicocbsalqqhsnprdlqqimtbmlpuhfepbtplnpqffiuu,inafidobvtzcznsfaicocbsslqqhsnsrdlqqimtbmlpunfepntplncqffiisii,0,0,10.400449,0.06130438,2.176772e-07
ufdgzsdfpecatfllvlzpifmsdtaaireltbn,ffdgzsdfsecatfllvlziifmsdttairelrbnuuuuuuuuuuuuuuuuuuuuuuuuuuu,0,0,10.799629,0.048229944,1.2553251e-07
rlocmilzisrieaqoeqtpaugg,rlocmillisrieaqoeqtpauggrrrrrrrrrrrrrrrrrrrrrrrrrrrrrrrrrrrrrr,0,0,11.923535,0.044185102,1.2673665e-07
hptufmuzoqieoobuzmiqdhanhivfndlruqnlvpugmlpeum,hhhrmmuzoqiboobuzmiqdhaahivfndlruqnlvpugmqpeumphhhhhhhhhhhhhhhh,0,0,11.415642,0.032257423,1.9420323e-08
dvrfacsplqzgrtszsvmfdhhopbmqvoinrneupirqctrenshbveqzlvduiu,nvrfacsplqzgrtszsvmfdhhopbmqpoiprneupirqbnnshbbeezlvduiunnnn,0,0,10.601779,0.027393294,7.861901e-08
ohumgqfoizqffhmdzhetpgmaodcbrgiif,ohumgqfoiiqhfhmdzhetppmacdcbpgiifooooooooooooooooooooooooooooo,0,0,10.690723,0.046521794,1.469817e-07
grqavhpelhlptheiluebeobzvqfsfmdlhddsdglebqftruqfm,grqavhpelhlptheiluebeobzvqfsfbdlhdsdglebqftruqmdggggggggggggg,0,1,11.92056,0.0030541318,1.5314917e-08
ldqvcthirfvorultveblucggatselfdaqfigadzqimt,ldqvcthiiivorultqeblbcggatselfdaqfigadqqlmtlllllllllllllllllll,0,0,11.093773,0.033725515,9.3756185e-08
ubssetuapisngfhcluivrmtahc,ubsbettapisngffclcivrrtahcuuuuuuuuuuuuuuuuuuuuuuuuuuuuuuuuuuuu,0,0,10.052974,0.054256685,1.7614745e-07
uasadzzrugdludtzrffcuopqormaruzfs,aasadzzrugdludtzrffduorqormaauofsuoooonnnnnnnnnnnnnnnnnnnnnnnnn,0,0,9.895764,0.07236638,1.13807566e-07
mpmuufazbtuaffpfumquavnnbcozqomtdeurplmhbgbianmgna,pppuufazbtuaefpfummuannnbbtzqomtdeurtrmhbmbianmmnammmmmmmmmmmm,0,0,10.210893,0.057894737,2.4216577e-08
pbozufhzsrnouzutafgc,pbpzufhzsrnouzupaagcbbpppppppppppppppppppppppppppppppppppppppppp,0,0,9.940089,0.00932134,7.674094e-07
sgzaellzoohqdticiepdpbhgtrcugvrnfchvhnbpehvablsgaofelr,sszaeilzoohqqticiepipbhgtrcugvrnfchghnbpehvgbbsgaocelrssssssss,0,0,10.647416,0.027277505,2.656478e-07
duvbgullbpmhgltivizemindstahbcocdcr,duvbgulllpmhgltiviiemindstahbcctdcrddddddddddddddddddddddddddd,0,0,11.017304,0.035591997,1.05275376e-07
lvfolrlgptlngsgezgfettccapplniqeeqpsbpoacllfuiqfcoag,vvfolrlgptlngsgezgbettccapplniqeeqpsbboacllfuiqfcoagtfffffffff,0,0,11.21025,0.103103146,1.241727e-07
grfztiftdfmqbmooozgiiirsordabrrdguraosua,grfgtiftdfmqbmooozgoiigsoodabrrdguraasuagggggggggggggggggggggg,0,0,10.711478,0.08397352,2.523713e-08
qqiuhfoulpoesvblirlaigesvfurspvbpvhlgccqtoenvtllm,qqiuhfoulpeettblirlgigesvfursnvbpvhlgccqtoenvtllmbqqqqqqqqqqqq,0,0,10.947006,0.03283032,8.05182e-08
qoszsfgmftztbasnpoaizdvhrsn,qosqttgmftttbasnpoaizdvhrssggqqqqqqqqqqqqqqqqqqqqqqqqqqqqqqqqq,0,0,10.832533,0.011849321,1.15114574e-07
spdqusdlvc!my@npugnffeprguqn?odmirgcbcpvmidbhcgdezndvdvzgpe,spdqusdlvcttyanpugnfeeprguqnodmirgcbcpvmidbhcgdezndvdvzrpesss,1,0,12.268678,0.024061939,9.321981e-11
lqbbztfsqmnbfdinzrreivhctbppmqllbzuqe,lqbbztfssmnbfdinzqreivvitbppmqllbzuqetlllllllllllllllllllllllll,0,0,10.584868,0.08782841,3.029637e-08
vhfnvrzfpbripdagzeomgtvfqdzdtrezvfmpnpvshhohiurpfdudtch,hhfnvrzfibripdaazeomgtvfvdzdtretvfppndvshhohiuttfdddtchfffffff,0,0,10.833233,0.034585703,4.1992063e-08
flgigltzqzrtdvvncnsmpmhatvm,llggllzzqzrtdvvncnsppmhatvmlglllllllllllllllllllllllllllllllllll,0,0,9.346435,0.06588375,2.4304106e-07
gvzpnfbuirianblgtzduzbanflscbliinecdblar,gvvpnfdpirgalblgtzdvzbanfldzbliinecdblabbibbbbbbbbbbgggggggggg,0,0,9.888171,0.04073485,1.1693383e-07
cdnpdpdbniarthhouflhgrlrzgbhgeqmfqufvstvl,cdnpppdbniaachhouilhgrlrzgbhqeqmfqufvstvlccccccccccccccccccccc,0,0,11.196213,0.034704376,1.7587026e-07
rfsgqpzvtlpsubhnbfocbmehobrzpoauraiftnbgosutmtphz,rfsgqpzvtlpspbhnnfoaamehobrzaoautaiftntgosutttppzrrrrrrrrrrrrr,0,0,10.844982,0.016317531,7.365691e-08
htmaviroqcfnpicpelbhenr,ttmaqaroqcfnpicpelbhelrrtttttttttttttttttttttttttttttttttttttt,0,0,11.581112,0.018924993,9.693918e-08
gvolfuvazrgenrnuepcchmc,ggogfugaatgenrnuupcchmcggggggggggggggggggggggggggggggggggggggg,0,0,10.269612,0.056713432,2.4968145e-08
emmddgtmsiiadpvhimqfbvula,mmmddggmssiadpvgemqfbvulaqqeeeeeeeeeeeeeeeeeeeeeeeeeeeeeeeeeee,0,0,9.699536,0.096416004,5.4724416e-07
cmeilztvmfgsqgqohbdgulcoribb,cceelztvmegsqggihbdgullordbbcccccccccccccccccccccccccccccccccc,0,0,9.941554,0.048802204,1.1304595e-07
ingvobzbefffhunxrgylnuhhromvbs!tdf#enmzgb,fngvobzbffffhnnxrgylnuhhromvbstdfenmzgbffffffffffffffffffffff,1,0,10.128612,0.0633979,4.1672402e-10
tholgaarheeliruivqphveziprvbpgqgagc,tholgaarheelirtivqphveziprvbpgqgbgcttttttttttttttttttttttttttt,0,0,11.151177,0.065569565,2.3390635e-07
hocradamtvscvzhvcihvnoegcbdisesgrqhvfvmuqprhozonamgsz,hocradammvscvzhvcqnvnoogcbdispsgqahvfpmuqprhozonamgslhhhhhhhhh,0,0,11.443263,0.0087181,4.1309608e-08
uhlphnisacocnfuonluftslsfpuvricoplpucdout,uhlpunisucocnftonlufttlsupuricoplpucdoutluuuuuuuuuuuuuuuuuuuuu,0,0,11.380268,0.007241082,7.528963e-08
rrhmrmhcqeepdzfvqzgufuaitgzzd,rrmmrmhcqeepdqffquuufuaatgzzdqffffffffffffffffffffffffffffffff,0,0,8.735127,0.08653848,2.0362222e-07
hcznvetbschcfsltlzufpi,hcznvetbschfffttlzufpihhhhhhhhhhhhhhhhhhhhhhhhhhhhhhhhhhhhhhhh,0,0,11.268943,0.011425258,3.6763204e-08
vvrhzuqeeianmapslbuolsmfdthbsivapmizmftdglpollqcluvzedeuvbt,vrrhzuqeeianmapslbumlsmfdtgbsiiapgizmdtdglpollqcluuzedbuvbrvvv,0,0,11.087526,0.06135148,3.7055276e-08
sroqpiscnaafiszzuofi,sroqqiscnaaaasszuofissssssssssssssssssssssssssssssssssssssssss,0,0,10.092483,0.06281416,2.5261414e-07
dfqofoiodhivnntafsmsrlqoszprgu,ddqofoiidhivvntafsmsrvqoszpggudddddddddddddddddddddddddddddddd,0,0,11.041488,0.009813428,1.9744415e-07
sqcohubrriltpuaqteptpeqipiqvcbdcmtqngpdsbgmo,sscohubrraltpuaqteptpeqqeiqvcbdcmtqngddsbbmolssssssssssssssssss,0,0,10.981424,0.0320974,3.7109782e-08
qizeacbqcugvnifhegvlghptcnzmvmoodaaqczvdiccpagta,qiriacqqcuggnnfhegvlghvtcnrovmqodaaqczvdhccpaggacqqqqqqqqqqqqq,0,0,9.578584,0.05761716,1.0207063e-07
grrvzmehciteupfghieqb#hew@apympelfrcvnhmnbzyl,hrrvzmehgithppfghielbhewapympeltrcvnhmnbzylrchehhhhhhhhhhhhhh,1,0,10.665984,0.031271756,4.230462e-09
eimiehlsttiopdqqrmmdnnqzmpgvzhilzotztsqcmvpqopoed,eimiehlsttioodiqrmqdnnqzmtgvzhilzotztodcmvpqlpoedecceeeeeeeeee,0,0,10.591202,0.07152712,1.0181469e-07
gtlcpmetftrnslserunonpndbepqooohrteeczppmnhzfzrodhaighghd,gtlcpmetftrnslserunonpndbpppooohrtfeozppmngzrzrddhaigggggggggg,0,0,9.806229,0.06409616,4.5276994e-07
mgvnusugrqcodlfdmoittbtqasvztctsfurpfiitbacntordluas,vvvnusubaqlzdlfdmopttbttassztdtsfurffiiaccoooluslvvvvvvvvv,0,0,8.200551,0.06492092,5.7765167e-08
pbpqizdtvdbehacoacorlhrquv,pppqizdtvdbehaconcorlhgquupppppppppppppppppppppppppppppppppppp,0,0,10.679079,0.017179785,3.0155817e-07
gaccsisoiibtpnivdvvqhctqn,gaccsigoiibtpnivdvvqhqtqnggggggggggggggggggggggggggggggggggggg,0,0,10.172961,0.12480528,3.970063e-08
lfraeafsotpvlrczzflavhhszvzotdnfzzoui,ffraeafssttvlrfzfflavhhstvzotdtdzzuiczfffffffffffffffffffffff,0,0,9.186393,0.08244516,1.8320359e-08
scghntbdcqlzmasmsdbtorecdvhiaagbqmosonbudnqemai,scghntbdcqlzmasmsddtrrepdvhiaagbbmosonbudnqemmiabbbmmsssssssssss,0,0,11.013981,0.028610125,1.3566475e-07
-ccrsjppi-?eprguaorliuvdqcgqdvc?ehz,ccccsjgpi-cecrguaorliuvdqcgqdvvvehziiiiiiiiiiiiiiiiiiiiiiiiiii,1,0,10.7145405,0.042560283,8.635059e-09
rebr#rzmfsgrx!ncnholysvvrakomllbtfebsmgmsfidpe#-esmia,rebrrrzmfsgrxbncnholysvorakomllbtfebsmgmsfidpeg-esmiarrrrrrrrr,1,0,11.852684,0.047284372,2.0837942e-10
aczalfbcqfolzacrvutgfgulloianqocpzzclp,aczalfacqvoltarrvutgfpulloimaqocpzzclpaaaaaaaaaaaaaaaaaaaaaaaa,0,0,10.195976,0.06743545,1.8343059e-07
gosvpvzqhltgzroruhluezhpaotauig,ggsgpvzqhltgdroouhlueehpaptaubgggggggggggggggggggggggggggggggg,0,0,10.913329,0.010584077,1.3507137e-07
osqgctrmslgotqhtuicrrccbobcppeqlsupqestpddzrh,ooqontrmppgotthtuibarccbobbppeqlsusqqstpddzrhroooooooooooooooo,0,0,8.933271,0.0792204,3.6272056e-08
ahnurnturcfztilrcrpe,ahnurnturcfatilrrrrsaaaaaaaaaaaaaaaaaaaaaaaaaaaaaaaaaaaaaaaaaa,0,0,10.322148,0.01950028,8.588256e-08
nbbtuvqzoiubmvvfhecnitetsoaomogebiquffclcqumzbuhhtee,nnbttvqzoiubmvvfbecnitetsoaomoggbiquffcbcqumzbbhhteennnnnnnnnn,0,0,10.839341,0.08477453,2.1351417e-08
qvhftscetffvdguasopuipd,vvhftscetffvdduaaopuipraaaaaaaaaaaaaaaaaaaaaaaaaaaaaaaaaaaavvv,0,0,10.527085,0.06286946,8.270333e-08
naculqzzlndihidasrgifil,aaculqzzlnqiiidasrgiffluiullllllllllllllllllllllllllllllllllll,0,0,9.818099,0.066460945,3.6546076e-08
vndsetmbbilnizbierzummidbbbsdvhbqgrqo,vndsetmbbilnizbierzummiibbbsdvhbqgrrvvvvvvvvvvvvvvvvvvvvvvvvvv,0,0,10.764829,0.11692359,4.649267e-08
likvuyfefqgannovvoeeoirsn,likluyfeffggnnovvofpoirsnglllllllllllllllllllllllllllllllllllll,1,0,8.489599,0.09337211,1.680297e-07
rppozhflox-pqiggewhxlst?boocpvehfmhhs,rrpozhflox-pqiggewhxlstqpoocpvehfmhhurrrrrrrrrrrrrrrrrrrrrrrrr,1,0,10.865354,0.08846699,1.347065e-09
urtfmanoqopzpqvsapzqrcsdbvcvs,urtfmanoooqrqqvsapzorrsdbvgvsuuuuuuuuuuuuuuuuuuuuuuuuuuuuuuuuu,0,0,10.500665,0.015924936,3.5945984e-08
etomhphlcfphlburesair,eemmhphlcfohlburecaireeeeeeeeeeeeeeeeeeeeeeeeeeeeeeeeeeeeeeeee,0,0,11.058049,0.012426238,1.8233525e-08
rosdbvrpudqfpirhicqifemnotzpnspgdcifovgr,rosdbvrpudqfpirricqifemtotzpncpgdcifovgrrrrrrrrrrrrrrrrrrrrrrr,0,0,12.028782,0.010068113,2.7810563e-08
aiieipsorttdfrmlhhoelzfaersh,aiieipporttefrmlhhoelzfaerrheahaaaaaaaaaaaaaaaaaaaaaaaaaaaaaaaa,0,0,9.839067,0.08361389,1.3532974e-07
urgsbflbctzeihqgipefduiaqvnshzmofrsnrzvfvrfvlntqhodnlfnrbrt,urgsbbllctzeihqgfpefduiaqvnshzmoorsnrzvferfvlltqhodnlfnrbbbuuu,0,0,11.041172,0.009053452,6.05647e-08
vggopnptqzmehvonqmlzeatoqemeqestrgrhgvtuvvzelztpghrlnomd,vvbopnptqzmehvonqmlzeatoeemeqestrgrhgvtuvvzelztpghrlnomgvvvvvv,0,0,12.018243,0.021016719,1.743956e-07
gscteoucrubviciivcurnh,gscteoocrubviciivcurnhgggggggggggggggggggggggggggggggggggggggggg,0,0,11.335332,0.04696417,2.1996138e-07
nhlroeqcrenohanaibhsqzuvnttvsbazcdcnqllequozphfdolnvslvr,nhlrneqcrenohanaibhsqzqvnttvrtazcdcnqllequpzpradoonvslvrnnnnnn,0,0,10.568636,0.048320107,4.7953193e-08
elpqghtcapefvpgfaqtzbavfivzrippbnbaspfpalosrtdqmlplcmqpqlt,elpqghtcapeevpgfattzbavdivzrippbnbaspfpalossddqmlplcmqpqlteeee,0,0,11.359913,0.025580075,2.2376625e-07
terlngdzmaufeeizprmrmvppczdivquiodfzmsziigfvbszoubiu,terlngcztaufeeizpgmmmvppczdimquiodfzmgzmigfvbszoubiutttttttttt,0,0,10.843364,0.04775945,9.573108e-08
pmniihpgmvpdzfatcvbbmvefztdrtlnduqzuahttzalquffredgvsfbrzcp,mmmiihpgmvpdzfatcvbbmvebztbrtlnduqzuphtpralquffredgvsfbrzcpppp,0,0,11.240944,0.078414075,1.6979497e-08
atcbfsfjzjhveqc!rotsezcbqbcnds,ttcbisfjzjbveqcqrttsezcbqbcndstttttttttttttttttttttttttttttttt,1,0,11.211966,0.02068429,3.2556952e-10
asnluagrszfsteufbazqobanhglmgfzmhafvrgloblsdbt,asnluagrszfsteufbazrobanhglmgfsmhabmrglobldddtaaaaaaaaaaaaaaaa,0,0,11.385983,0.011656735,1.2454177e-07
qvvupioncoudmefzemlmuotvqftntft,mvuupioncoudeeffmmlmuotqqftntftefffffffffffffffffffffffffffffff,0,0,9.466449,0.055396266,6.250528e-07
mznvhnbtlladthdluqllcsdss,mznvhnbtlladttaluqllgldssvhmdmmmmmmmmmmmmmmmmmmmmmmmmmmmmmmmmmmm,0,0,8.623129,0.13039975,6.2616806e-07
dqztueghibrmzibffehgbdlmfvcvzl,ddztueghzbrdzinffehgbdpmmvcvzldddddddddddddddddddddddddddddddd,0,0,10.534654,0.044007022,8.062388e-08
obtpftubvobvrvsibugrfbtfogccibfobcriuclpletcbuprlqmblmnumb,obtpfttbvobvrvsibugffbtfogccitfoucriuclpletcbuprlcmblmnumboooo,0,0,12.2908745,0.025108086,7.297595e-08
ieczlacctizpebhbpmtdhpecsgzfehelzsipetzslnv,ieczlacctiziebibpmtdhpecsmzfbhelzsipptzslnviiiiiiiiiiiiiiiiiii,0,0,11.1624975,0.035108734,8.553183e-08
etfbdifhbasolligfmuthpraocrgqobizpzzmafatlseautqrdfgqml,etfbdifgeasslligfmuthpratcrgoobizgzzmafatqsebttqrdggqmleeeeeee,0,0,10.3798275,0.05041631,6.407347e-08
zsevaievcastguqeobod,zsevaiivcmrtguqeobodzzzzzzzzzzzzzzzzzzzzzzzzzzzzzzzzzzzzzzzzzz,0,0,11.928355,0.0092172185,4.529218e-08
bvblzfqofdraufuvaqaphp,vvblzfqofdraufuuaamphpvvvvvvvvvvvvvvvvvvvvvvvvvvvvvvvvvvvvvvvv,0,0,10.27915,0.025923463,9.330104e-08
kfqfbsaciscrdoujkxlofeqdqjgsb-?oerzmynccrlrpob,ffffbbaaisccdoujkxlofeqdqjgsb-qoerzmmnncrlrpobffffffffffffffff,1,0,10.883153,0.027003167,4.669251e-10
dqafqtbhftpdreeevgaddvlmlcmlnfeuuptalbturfqptvg,dqafqtbhftpdreeevgaddvlllcmlnncuuptalbturfqptvgddddddddddddddd,0,0,11.011291,0.07264316,1.759506e-07
lznnazfdebphtaraofzlccfavczvzglprbcplppfrgetqopqfcczl,lznnazfdebphtaraofzlccfavczlzglraccplppfrgetqopqocczllllllllll,0,0,10.683037,0.06741965,2.5985644e-08
htaacpiqcicasdrigztqciauhlguattb,htaaciiicicasdrigztqciauhlguatebiiccchhhhhhhhhhhhhhhhhhhhhhhhhh,0,0,10.838829,0.07085099,1.1966321e-07
gfrinsnplazctoqpvacioznbuputbdbsz,gfrinntplzzctoqpvpcioznbupuzbubspggggggggggggggggggggggggggggg,0,0,10.554444,0.013749995,1.3558801e-07
umsshsdnrticpuiaonghumg,ummshmdrrticpuiaonghumguuuuuuuuuuuuuuuuuuuuuuuuuuuuuuuuuuuuuuu,0,0,11.593516,0.02054102,8.718524e-08
eumbcnnefoqzsbpncclnoopudzfhmppbbeomrfhntgfiom,uumbcnneeoqzsbpncclnoouudzfpmppbbeomrfhnttfiomeeeeeeeeeeeeeeee,0,0,10.294459,0.12203751,1.9907726e-07
biighsgdviqngdgfuimnfflasuagmcdutccbmvgrl,biiihsgdviqngdgfuimnfflasqagmcduuccbmvgrlbbbbbbbbbbbbbbbbbbbbb,0,0,11.070411,0.08052185,3.9824254e-08
qrmffejrsnzgbivldsodflvct@adgntbgiotlhvm,qrmzfejvsnzgbbvqdsooflhctgadgntbgittltvrqqqqqqqqqqqqqqqqqqqqqq,1,0,10.215918,0.0139358025,2.2434026e-09
ldzdohmrsmtpqbmvzszihiriitizeblacosap,ldzdohmrsmtpqbmvzszihihiiticeblacosatlllllllllllllllllllllllll,0,0,11.228641,0.03734521,9.2359144e-08
hgzaddroomnzifgrpofrmsdqlf,hgzaadrqvhnzifgvpofrmspqlfhhhhhhhhhhhhhhhhhhhhhhhhhhhhhhhhhhhhh,0,0,10.745169,0.017441481,3.841713e-08
nxq-fqewqftf@vhiszfsuxpgohgvu,qxq-fqewqftttvhisfffuxpgpabvuqqqqqqqqvqvqvvvvvvvvvvvvvvvvvvvvv,1,0,9.614422,0.012471131,7.5377775e-09
afcpgabanqomvvhnbqbvtgqaz,ffcpgabanqouvhhnbqbvtgqazfffffffffffffaaaaaaaaaaaaaaffffffffff,0,0,11.375106,0.06476441,1.4829983e-07
fmcfrroeacpvgfciepbpsrlorg,fmcfrroeacpdgfciepbpsrrorgffffffffffffffffffffffffffffffffffff,0,0,10.9339485,0.04902403,1.6885502e-07
ivmiqatmnqdvlmaztmthbf,ivmiqgemnqhollaztmthbfiiiiiiiiiiiiiiiiiiiiiiiiiiiiiiiiiiiiiiii,0,0,10.497044,0.020634515,2.4693417e-08
gdspdirlfcplzsdsctovobfiechlvcuqrfzrilziu,ggspgirlfcplzsdsstovvbfiechlvquqzfzralziuggggggggggggggggggggg,0,0,11.086265,0.008806283,1.4640241e-07
uomfrpoqnunopzsvoqochiitgbcboqmbhhmrnagpcqoomcacbbcbt,ooeffpoqnunopzqvoqochiitfbcboqmphhmmnaqpcqoomcacbbcbtuoooooooo,0,0,10.531823,0.09097074,1.1392287e-07
rgvsoufahudinigferehogcbcgzsagzafculbmoubztbnugafftpbdtq,rggsgufghudpnigterertggbczzsagzancunbmoubztbnugafftpbdtqrrrrrr,0,0,10.620634,0.032005694,8.152359e-08
dtqaecppiqthczubppzzuiantmmflsovlzvlacohsfimorhadnzub,dtqaecppiqttanubpaazuiantmmfesovlzvgacohsiimorhadnzubddddddddd,0,0,10.762229,0.069328465,2.4545313e-08
oehuvtqpdgqbdsimsvqntmgnpflgdtzqetmsifzncmvbobs,oohuvqqhdgqbpsivsvqntmgnpflddtzqetmsifzncbvbbbssoooooooooooooo,0,0,10.87105,0.009463217,3.5055862e-07
clllqecpildesbsuifnbvzom,llllqecpiidesbsuifnbbbomommmmmmmmmmmmmmmmmmmmmmmmmmmmmmmmmmmmm,0,0,10.079707,0.09665897,1.5671496e-07
zccudfpopuudperbldteadebqgengpupvpqunbphbhrmlq,zczudfpppgudporbbbeeadebqcengcupvpqucbphbhrmlrzzzzzzzzzzzzzzzz,0,0,10.390269,0.036878824,6.8599184e-09
blbiafdafouudaismmqaqdrtnagctroipgtdzszi,blbibfdafoobddismmqaqdrtnagqtroipgtdvszibbbbbbbbbbbbbbbbbbbbbb,0,0,10.959165,0.038927425,1.9673177e-08
vfvbmslttlgrcszoepmdvducbzrmfqu,vfvbmslltlgrcszoepmdvduebzmmfqubzvvvvvvvvvvvvvvvvvvvvvvvvvvvvvv,0,0,11.537273,0.0078677675,6.13333e-08
vftobamtzihnrecetingeivbvhviqvlqduaruseuiotusmlv,fftobamtzihnrrcetinteivbvhviqllqdutnuseqiotusmldufffffffffffff,0,0,11.581985,0.018796096,2.4332635e-08
nlmelpuuovvnfznuqbohmqpqrnsasvtzpdftoeuttalqpapnfzvelii,nlmelpuuovvnfznuqboomnpqrnsasvozpgfteeuttalqpfpnfzveeiinnnnnnn,0,0,10.440314,0.0850512,1.2577311e-07
hofcmqidgplnlqdovsefhbamuuandprtgnbtafprgvb,hofcmqidgglnuqhovsffhbamtuandtrtgnbtafprgvdhhhhhhhhhhhhhhhhhhh,0,0,11.097732,0.011115151,1.4700073e-08
urlgbhubstguzdtaccfvgvbuibhznadphatlqfeeqseqes,urllbhubstguzdtacqfvgvbuiihznhdmhqtlqfeeqseqesuuuuuuuuuuuuuuuu,0,0,10.963009,0.052800983,4.5948475e-08
wgiegaa-hvg?cdlecfho,ggiegaa-hrg?cdlecfhocddgggggggggggggggggggggggggggggggggggggggg,1,0,10.8984995,0.08098191,3.0795213e-09
bglgovcihhehvmronbdlfezsozufmgtbrccotzuupi,gglgovcithehgmronbdlfezsozummttbrccctzuubinnnnnnnnnnnnnnnnnnnn,0,0,10.587436,0.064403765,7.609194e-08
qvnnnzcpfbhtgzcltstnooqhpoiputec,nqnnzzcpfbhtgzcltsttouqhpoiputetnqqqqqqqqqqqqqqqqqqqqqqqqqqqqq,0,0,10.2334175,0.10770164,7.7592055e-08
ovebqnvtffhfdfgfgzlvzbasqml,vvvbqvutffhfdfgfgzlrzbaqqmlzbooooooooovvvvvvvvvvvvvvvvvvvvvvvvv,0,0,9.786704,0.059770074,2.4338235e-07
bgncqzaoseqetldqcpqefmlcnsurguqloitamotlsuoqg,ggnabzaontqhzldqcpqefmccnsurguqloitetctlsuoqgbbbbbbbbbbbbbbbbb,0,0,10.503552,0.023824913,9.151481e-08
nazmvtniuouergrpliqhcibtqehqbrzlruszvzfrcrbnpzsut,nazmvtniuoueegrpliqhcibtqehqbrzlruszrbfrcrbnnzsutnnnnnnnnnnnnn,0,1,12.250312,0.0051490134,8.818297e-08
zztuzostsvodagtezmzzotqplhnufporlidzvvgsmogooilviloflbhq,zztuzostsvodagtezrbzotqplhnufpprlidzvvgsmogooimviloglbbpzzzzzz,0,0,10.983568,0.05485146,5.4320033e-08
z#qwnghtctehqdchgmxznruc#qomtgza!azdsqssbnslaf,zzqwnphtctetqzchgmxznrucqqontgpafaadsqssbnsqafzzzzzzzzzzzzzzzz,1,0,10.806648,0.033726037,3.6144943e-09
hbsrfezisvadppfuodaqgdrdointaplni,hbsrfezhsvaaepfuddaqgdrdoiutaplnihhhhhhhhhhhhhhhhhhhhhhhhhhhhh,0,0,11.253549,0.01129037,2.5131527e-08
sooglcorvsuiceqoihrftaocbiavifgmibbbmvnhbvrhhb,oooglcorvsuoceqfihrftaacbiqmiimmnbbvmmnhbvvhhbssssssssssssssss,0,0,9.035827,0.106744535,7.5427074e-08
figcqloneoqhlbaoezplgizvsaztpbhszpfcsatqgpdg,figcqloneoqhlrnouzplgizvrvztpbpszpfcsatqgpdgffffffffffffffffff,0,0,11.792042,0.007321121,1.3719588e-08
vgrivrztttlgfdgftvgzsrhzzdrbgogqp,ggrivrzttttffggftvgzsrhzzdrbgogqpfffgggggggggggggggggggggggggg,0,0,10.446821,0.122314945,1.2953817e-07
bzmpodbvtpczttccefradbphni,bbmzodgvttczztccefomddphnibbbbbbbbbbbbbbbbbbbbbbbbbbbbbbbbbbbb,0,0,8.762972,0.05940989,2.6316832e-07
vvlhlrflmtvhbdgdqmqrsthpfzmvlrbscrfdpqmuczqubedlzhdrsvbbefvm,vvlhlrfamtvhbdgdqmqvsthpfzmvqrvsbrfdpgrubzqhbedlzharrbbbedvmvv,0,0,9.958404,0.040129114,7.47442e-08
auhverugircdrahubflpsosegqpgmqpgmasrnzqpppmdiznigfltvntsdvul,auhverugircdtahubflpsosegqppmqpgmqrrlzqpppmdiznigfltvntsdvugaa,0,0,11.6186495,0.042038046,3.1553753e-08
vlccuetgperqaedasuqinlrtebdoloofvaafgmpaqqt,ccccubtggerqaenisuqinllteqdoloofvaatggpaqqtccccrrrrrrrrrrrrrrr,0,0,9.404928,0.09296088,1.3551962e-08
bbzfhvcszcpvdmtgrvzzq,bbzfhvctzzpvdmtgrvzzqbbbbbbbbbbbbbbbbbbbbbbbbbbbbbbbbbbbbbbbbb,0,0,11.055517,0.080713175,3.163269e-08
fgoffffhzbczcrgtanmcviivqnllnpmhspcbtfmssbdv,fgoffffhzbczcrgttnmcvihvqnllnpmhspbbtfmssbbvffffffffffffffffff,0,0,9.918121,0.105670124,1.9843978e-07
cphbpcvsoscdqquszmapnbnzunbutmovnh,cppbppvsopcdqquszmapbbnbunbutmovnhcccccccccccccccccccccccccccc,0,0,10.829427,0.04044453,6.107394e-08
ioezzdbpodvfznctttuvrbcburgenzsrnbbmzoirtpocaztlnrudqegmndz,ieezzdbpodvfznctttuvrbcburbenzsrnbbbzoirtpocaatlnrudqegmndziii,0,0,11.417909,0.057540283,6.873673e-08
imnunhufbcqmutcmbssgmqdmppfsab,imnuuiufbcqmutcmmssgmodmdpfbabiiiiiiiiiiiiiiiiiiiiiiiiiiiiiiii,0,0,10.321071,0.046413895,7.1591316e-08
shppdthmcpzpiolbtuadicaavghvamlmavgqtsbfcoesegpdg,hhpppthmcpzpiolbtuadtdaavghvamlmavgqtpefcoeseopdgsssssssssssss,0,0,11.410967,0.052204724,9.45178e-08
oogddkuedcdiavdsfrfiqsqfarheemdimfznvq?,oggdqkbeccdiavdsfrfiqsqdarheemcimfznvqqooooooooooooooooooooooo,1,0,10.496691,0.09668015,3.503408e-11
biffdeggiqnmebbgbmprzunsrrutdqntcnhv,biffdegttqnmebbgbmppzubarrutdqntcchvrrrrrbbbbbbbbbbbbbbbbbbbbb,0,0,9.658591,0.123422295,1.4772766e-07
umofiavrumlrmqqghhghczrtqfv,umoffavrumlrmmnghhghczrrqfvuuuuuuuuuuuuuuuuuuuuuuuuuuuuuuuuuuu,0,0,10.510091,0.052783575,5.542694e-08
pzgnplfmscplfrhovczzlurhfzbinoedipevafp,pzgnplfmsgplfphovczzlurhfzrinoedipevafpppppppppppppppppppppppp,0,0,11.670435,0.034776844,7.917406e-08
uwsheuospndfjdpomw!lzmxmrrrxvthgcopgoat#zwl,uwuhuuospndfpdpoonzzmxmrrrxvthgtopgpatgzwlzuuuuuuuuuuuuuuuuuuu,1,0,9.988626,0.06145599,5.2886633e-11
nephmemdnvigqgzpdltclapq,neehmemdnvigtgzpdltclapqnnnnnnnnnnnnnnnnnnnnnnnnnnnnnnnnnnnnnn,0,0,11.947899,0.007893432,9.495823e-08
gmlspicdericeupbobbcrtltlbumaviqrcq,gmmspicdericeupbobbcmtltlbumaviqrcdggggggggggggggggggggggggggg,0,0,12.083931,0.03359031,4.6327752e-08
tfqvebhhpbcotugufmecuuemee,fffvbbhhhbcotugufmecuppmeetttttttttttttttttttttttttttttttttttt,0,0,9.234514,0.1352631,2.3931424e-08
asodnqitllietfiivqqtgpiguorzsinzcdmcsslhvqhvmrrpiosomv,asoonqitllcetqiivqqtgtiguorzsonzcdmrsslhvqhvmrrpiosomvaaaaaaaa,0,0,10.565522,0.10073957,1.1470028e-08
caqoorricfaafdslpnoedcnunbpvqgvfohr,caqoorricfcafdslcnoedctunbpvggvfvhrccccccccccccccccccccccccccc,0,0,10.324771,0.06700431,9.187208e-08
zfzohvtbimsmdqtqcivvtzumizbtvpu,zfzohztbimsmoqvqcicvtbuiizbtvvuzzzzzzzzzzzzzzzzzzzzzzzzzzzzzzz,0,0,10.308974,0.020641277,8.653727e-08
uesrclguqpuzubmpccurqbcclomu,eeseclguqluzubmpccurqbcclomuueeeeeeeeuuuuuuuuuuuuuuuuuueeeeeee,0,0,10.703563,0.0905391,1.5139202e-07
zslnzrlzmpqeclemueppashbnmiairrhlhlbf,zslnzrzzmpqzclemteppashbnmiairrhmhlbfzzzzzzzzzzzzzzzzzzzzzzzzz,0,0,11.065708,0.061919056,1.8914083e-08
irqqhouniunrgdpsaeupotbhoadzrcdmf,rrrqhooniunrgdpsaeupttbhoaazrcceffffffffffffffffffffffffffffff,0,0,10.191046,0.017988766,5.6394565e-08
stsldouldavbrtsdodsassocfbsrpdbthnlmzbr,stsldouddavortsdddsassocfdsapdtthnlmzbbssssssssssssssssssssssss,0,0,9.603217,0.038047366,3.495463e-07
rzgdutlhgrnvanbupqphhirrovehhfrgnivttsmiiumrq,rzggutlhgrrvarqugqpghirroeehhfrgnevttsmiiumrgrrrrrrrrrrrrrrrrr,0,0,9.534498,0.100966804,6.427771e-08
gzdaebsrvhbbvvnrzzefizdhqhlgc,ggdagbsrnttbvvnfzzefizdophlgcggggggggggggggggggggggggggggggggg,0,0,9.375652,0.08160759,5.946885e-08
lfrnouermzmpbcrndpptpnhfbzagnhvibzuqmobgivvahtszaiz,lfrdouetmzeabcrndpptpnhfbzagnnvibzuqmobgivvahtszaizlllllllllll,0,0,11.732761,0.04737398,4.2821146e-08
eargmbuuazcqqfgzgddipssiq,eargmbuuazcqqfgggddiirsqqgseeeeeeeeeeeeeeeeeeeeeeeeeeeeeeeeeeeee,0,0,8.783308,0.13424721,2.959881e-07
oadnlaacfizrlpoialtebsndnqstppetuvelqsiazlmzhquepdlols,nadnbaacfizrlooialtebsqdnqptppeeuzeltiimzlmzhquepdlolsnnnnnnnn,0,0,10.339807,0.05108872,3.362667e-08
cslbrnecublrrvumhisqdtpbaqirgftdgzfgoevurgffahl,csnbrnecuolrrrcmhisqdtpbaqireftdgzfgoevurffrahlccccccccccccccc,0,0,10.805944,0.05325688,4.1714088e-08
dreqhcbfrvhbgudhbdvifissdtmesmgarzhiov,dreqhcbfrrhbgudhbdvtfissdttessgarzhiivdddddddddddddddddddddddd,0,0,11.119246,0.033460133,7.265958e-08
vicpdvflfcrommpnlinsfarvfbgomangfcciqrpdi,vicpdvfdfcropmpnligsfargabgomangcciqrddisbbbbbbbbbbbbbbbvvvvvv,0,0,10.631895,0.03443929,1.5538163e-07
ftcumsipdffvaoavszbsubi,ftcumsipdffbatavszbsubifffffffffffffffffffffffffffffffffffffff,0,0,11.11149,0.049180783,9.127668e-08
snnvcmfvmzogfboggtndgan,nnnvcmfvmzogfvogntddganggsnnssssssssssssssssssssssssssssssssss,0,0,10.279741,0.111583516,1.0209694e-07
coudurbenbztbflrmaideslucoqblqnrsnpaqmclzaoqnzhmufgnbscreh,ccdddreenbztbflrmaideslucoqblqnrsnpaqmclzaoqnzhpufgnascrehcccc,0,0,12.129805,0.006538245,1.1319721e-07
sbcizpuaodtsduahbsaliqzortqchmflnqepeieeqhbvmcizbsot,sbbizbuaodtsduahbsaliqzortdchmolnqeeeiceqhbmmcmzbsopssssssssss,0,0,11.195125,0.011718277,4.1305954e-09
qdhdpliqbdqeiqffzuaqvpuozcvloq,ddhdpliibdqeiqffzuaqvpuozcvloqdddddddqqqqqqqqqqqqqqqqqqqqqqqqq,0,0,11.838141,0.05044855,4.2096138e-07
nzimsvsghgdhqpfqugcbuvanlmtdbvqqchtddmagvi,nzzmsvsghgnhqpfquncbuvantmtdbvqqchtddmagvinnnnnnnnnnnnnnnnnnnn,0,0,11.27356,0.056342978,6.521801e-08
qfemflitdcoefbuaaprblrfptmnqsoicvagebacclrhftpchdsfvsebtm,ffeefiitdcoefbuaarrbfrfppmcqsopcvagebaccrrhftpchdsfvsebtmqqqqq,0,0,10.847272,0.051441837,3.0739994e-08
ofgigsfca!qvtnunlbqfvfsfhrsekahmcodageca-fdeudqewnumncrgnpz,fffigsfcffqvttunlbavvfffhrsekahmcoougeta-fdeudqewcumccrgnpzfff,1,0,10.255512,0.023874816,5.70144e-10
zgdbueridlunpbhnfopmtsogloqz,zgdbueridtunpbhnfopmtssgloqzzzzzzzzzzzzzzzzzzzzzzzzzzzzzzzzzzz,0,1,11.98543,0.0036529484,2.472295e-08
eeazocdsmcubzvephtzeotcmhuvsonmuc#rncu@lqsxsgodrodmvuchaodt,eeaeocdsmcubzvgphtzeopcmhuvsonmbprrncuolqsxsgoorodmvuchaodteee,1,0,11.82216,0.021717787,1.2821222e-10
tiiczdcpgpdbhglivvgtzbdvlfescraicvfvcdml,tiiczdcpgpdbhglnvvvtzbdvlfescraicvfocdmrtttttttttttttttttttttt,0,0,10.497241,0.06078125,6.579253e-08
ogdmpgsgqhrciopzbvutugoizqpepozmqpragmgenag,gggmpgsgqhaeiopzbvutugpmzqgepocmqvrmgmgenagooggggggggggggggggg,0,0,10.966998,0.02368825,1.1022809e-07
zpdzeheliztffubrvhgtdabfupptcqmttmciemq,zpdzeheliztffubrvhgtdabfupptcqttmciemqtpddzzzzzzzzzzzzzzzzzzzz,0,0,10.793263,0.07958115,2.2757317e-07
rvzfrobmzcuaffntqqlglgmhhehhhila,fvzfrrbmzcuaffntqluglgmhdehhhillgmmmmmmmmmmmmmmmmmfffffffffffff,0,0,7.946569,0.16748269,2.4080433e-07
tovzvdaiwdbpztvbxmbipuamfgivvapc,ttezvgaiwdbpztoexmgipuamfgivvavctttttttttttttttttttttttttttttt,1,0,10.80855,0.039976407,5.4156635e-09
rganvrosrrthlhtegqbnazf,gganvrosrrthlhtegqbnbzfrrrrrrrrrrrrrrrrrrrrrrrrrrrrrrrrrrrrrrr,0,0,10.996548,0.07081302,5.194143e-07
sgqfmbhheafahmvtovbpravicrqt,ggqfmbhheafahmvtovbqrrvicqqqssssssssssssssssssssssssssssssssss,0,0,10.225952,0.070799254,2.9973071e-07
lhpmtrvlcuosvbnezhcvzdoulhmogfinheqci,lhpmtrvvcuosstnezhcvzroulhmmefinntqcdlllllllllllllllllllllllll,0,0,10.339419,0.011237852,1.464061e-07
omlltzvnbopaffzgzpnpzqdradlercghbgromnpzrotqllpineefpfdd,oolltzvnbopaffzgzpnpzpdradtlrcghbgromnpzrnttslppnnefpfddoooooo,0,0,10.661374,0.061745495,1.04848745e-07
qsbhdougigdqtemoisqsvnlvizdofvtcmse,qsbhdqugiqdqttmoisssvnlvizdgfvtccseqqqqqqqqqqqqqqqqqqqqqqqqqqq,0,0,10.935662,0.010824362,3.298511e-08
iduqvqnqralqemeudtoitglqttcebsvnfdumcaepimu,iduqvqneralqvmeedtoitglqttcebqvnfdumcaepipuiiiiiiiiiiiiiiiiiii,0,0,11.0304,0.036208082,7.880432e-09
tdlhcffqsqohgzirpbeetehbzcihpphuzqmulggmorfhmiabho,ttlhcffqsqohgzirpbettehbzcchpphuzqmulegmorfhmiabhotttttttttttt,0,0,11.751264,0.06573009,3.256998e-08
ebchqhmtphquqrzfbhzbanlzohbiqqqzznvinitt,eechqhmtthquqrzfbbzbbnlzohhiiqqzznbnnnttnnneeeeeeeeeeeeeeeeeee,0,0,9.020561,0.09016301,1.07795294e-07
boclfamezpilbmmzavrgvntznrhgmahudfboubssfoqbfuqpedsudbae,boclfaaezpilbmmzavvgbntnnrhgmahuffboubfsfoqbfuqpezsudbaezbbbbbb,0,0,11.470675,0.030662516,2.7368571e-08
nufcelifipzirsoqrqgvaogvupeblaplbeahhpaczvsoeelo,nnfcelifipzersnqrqgvaaavupeblaplbeahhpaczvsoeelonnnnnnnnnnnnnn,0,0,11.496873,0.048379004,1.924591e-08
tlbth?qiatcaq-vfmtcedtsczu,llfthlqiatcac-vfvtteotsczutttttttttttttttttttttttttttttttttttt,1,0,9.538347,0.029501077,1.7086436e-10
chtua-gpkipffreobfchuoao,chcua-gpkipffreobfchmbaocccccccccccccccccccccccccccccccccccccc,1,0,10.687523,0.05562261,2.1207338e-09
rztnsimandbqsrtzobszzdtdoevdnldfmbgvnqzmr,rrtnsiianbaasrtzoeszzdtdoevdnldfmbgvnqzerrrrrrrrrrrrrrrrrrrrrr,0,0,11.195134,0.033299748,7.81246e-09
tanhadddnaledtumoseiqmppbfbpobpzsuesgpfb,tthhaedtnaledtumossiqqppbfbpobpzsuesgsfbtttttttttttttttttttttt,0,0,10.529654,0.061540462,5.2216805e-08
elitmtgftbmvhcaafczbdilbefdqerqlcp,elitttgstbmvhraafbzbdilbffdqerqlcpeeeeeeeeeeeeeeeeeeeeeeeeeeee,0,0,10.494686,0.046592623,1.678171e-07
enboqtmlsoszrerrmcmmiuqdelzvglrrphlcvipn,enboqtmlsossreermcmmiuqqelzvglrrqhruvipneeeeeeeeeeeeeeeeeeeeee,0,0,10.104155,0.06045435,2.57492e-07
qophzaiqerzhzrabshaolhtffsrlotczruhmvgqlmfqsv,qophzaiqerzhzraaqhaolhtffqllltczrqhmvghlmfqsvhqqqqqqqqqqqqqqqqq,0,0,10.754092,0.0355833,1.18986534e-07
srldsnfrpbmsreagzcoimdcdpvrd,srldsnfrpbmmreagtcoimdcddvrdssssssssssssssssssssssssssssssssss,0,0,11.897034,0.009878586,1.1727167e-07
vfzeclvfcqgbhrhmanfciivvhtcqecqmructcstn,ffzeclvfcvbbhrhhnncciivvvtcqeuqmcuctcctnvfffffffffffffffffffff,0,0,9.265763,0.05615722,1.2995903e-07
glpbsglsmazuthrqooomirgqnzetlehltzmctqgtsbgrggivitdomnqgf,ggpbsglsmazuthrqusomirgqnzettohlttmcttptsbgrggivitdomnqgfggggg,0,0,11.673559,0.024926294,1.7016381e-08
fhvpzqtbmcasfshggmlh,fhvpzrfbmmasfshvgmlhffffffffffffffffffffffffffffffffffffffffff,0,0,10.990275,0.014161171,6.917491e-08
fociascurnbrtegfvbnunvboseprltnvavhhovhlrvrgzarqzupihdnuar,fociascurfbrtegfpnnunvboseprltnvavhtovhlrvrgzarqzupihdnrarffff,0,0,12.069614,0.021480437,6.16046e-08
qvdtmrfiptziqmmalugvbrrgn,vvdtmrfippziqupaluggbrrgnllllvvvvvvvvvvvvvvvvvvvvvvvvvvvvvvvvv,0,0,10.249735,0.05996758,7.080951e-08
mrlctnfanltsofllavggsqircgnclbmcmgoeclfshdmrrufdvvvl,rrrtttfanltsofllavggsqircgtclbmcmgoeclfshdmrrufdvvvlllggiigfff,0,0,11.022507,0.10284378,8.282721e-09
efnboopmhz#dlfttylhbb,efnboopmhzdlftttlhbbbdddeeeeeeeeeeeeeeeeeeeeeeeeeeeeeeeeeeeeee,1,0,9.229988,0.15275621,2.6069122e-08
oonptzmgrmqiubnonulsndrltohlqoqs,onnptzmggmqiubnonulsndrlmohlqooschnnnnnnnnnnnnnnnnnnnnnnnnnnnn,0,0,11.550573,0.04455526,2.0040314e-08
vtfeafmmmnhvigolpfcfvvvldmpullsnhuesaoivfsrnfzdoogztoiicfqm,vttvafbamnhhagolpfevvvvldmpuolsnhufsaohvfsrnfzdoogztoiicfqmvvv,0,0,10.128451,0.08021537,1.5549961e-08
bobomilmtubephfrophlpovldsi,bobobilmbubephfrophltoolssibbbbbbbbbbbbbbbbbbbbbbbbbbbbbbbbbbb,0,0,10.446187,0.016709946,1.665933e-08
marrnunaiebrtagvqmftevavgupuvhlhnngmuvippocpecgasmsiova,mmrrnunaiebrtagtqmftevavgupuvvlhnngmuvtppocpecgasmsivvammmmmmm,0,0,11.453615,0.059689514,2.8246792e-08
lahvebplaushfandhapkahr,aaagebplaushfanddapkabripzzzzzzzzzzzzzzzzzzzzzzzzzzzzzzzzzzzzz,1,0,10.742108,0.013896193,4.8049693e-09
nevfhmbrrfuviqfvtngibeoduzzpsheuqhouzqvgloqouq,nevfhmbrrfuvivfvtngibeoduzzppheuqhouzquglooouqnnnnnnnnnnnnnnnn,0,0,11.232015,0.05166002,7.6466634e-08
ahamquuamnthunatcurlrrzvmsftuqbdfca,aaamauuammapunatcurlrrzvmsftuqodfbaauaaaaaaaaaaaaaaaaaaaaaaaaa,0,0,9.3895035,0.0791158,8.243351e-08
nrcncplegtaaleoltmvnhzovfddqlaohavdbqhcrtnzodfqhrbtnhv,nncccplegtaaleootmvnhzovfddqhbnhaddbqncrnnzodpqhrbtnhpnnnnnnnn,0,0,10.66175,0.050295945,7.4733386e-08
rshpovcmomrhzmmgfsrldoddgernorvanhagrdrqciqbrlbacazpsisll,rshpovcmomrhpmmpfsrldoddgerrorvanhpgrdpqciqbbabacazpspvbsrrrrr,0,0,10.419785,0.04604041,4.267508e-08
rdaodahdsmuhnptgzcsbftzpsohuvzlupffgeivnegbtloll,dddodahdsmuhrptgzchbftzpsphuvzdupffgbivnegbblollrrrrrrrrrrrrrr,0,0,10.6826105,0.05621402,2.2541522e-07
cfdudehlqhdnaoegpbihiqdlpmczcsfizaozmisamfuzgh,ccdudehlqhdnaoeopbihiqdltmczcsfizaozgiiammuzggcccccccccccccccc,0,0,11.752475,0.0069637895,7.9785615e-08
zilpzqmgcnguhozdscouvnembotzplziai,zilpzqmgcnguhozdscouvnembotzplziaizzzzzzzzzzzzzzzzzzzzzzzzzzzz,0,1,12.533667,0.002510001,1.2695995e-07
uqfqcnupztzlqlnzpqipnszeeguveirqruashesqbqufssluedqocaqlpoue,qqfqcnupztzlqlnzaaiinsneeguvqiqqruushesqbqffsslueddoccqlpocruu,0,0,10.196961,0.048394203,1.0075045e-07
imobfhniuvgucileqfoglgs,imobbhniubguciliqfoolgsiiiiiiiiiiiiiiiiiiiiiiiiiiiiiiiiiiiiiii,0,0,11.063555,0.011966163,5.3920374e-08
ulsrshfhpniqnmtmnhpcgqgdzecfbsposcptarivpapzhz,uusrshfhfncqnmtmncpcgtgdzecfbsntscgtarivpepzhzuuuuuuuuuuuuuuuu,0,0,10.850342,0.009843481,1.8277728e-07
vmaelrhafafqpaoizpqzocfftvrgrmvmhlhgoqnquorvttael,mmaelrhafafqpaoiiqqzocfftvrgrmvmhlhgoqrquorvttaelzzqqqqqqqqqqq,0,0,11.6199875,0.05131871,1.2369901e-07
lmaqcfeproedserectloibvdgbfgdo,lmaqcceetoodserittloibvvgbfgdhllllllllllllllllllllllllllllllll,0,0,10.062268,0.01698832,3.1306275e-08
ufqhcbsvoobpbvvrhnuc-p?ivtcaijngsdvuzqafdrmh!namghhsma,ucqhcbsrnobpbvvrhqvv-piitcaijngsdvuzrafdvmhnmmghhsmauuuuuuuu,1,0,10.036146,0.04992539,2.0312232e-10
rfblfvptmfpdrumceugqfuheeh,ffbbfvptmfpdrupceugocuheehrrrrrrrrrrrrrrrrrrrrrrrrrrrrrrrrrrrr,0,0,10.556481,0.06613691,5.8233045e-08
qenurcvbemdflrtgtzqnlgchiadonvhudmh,qenurcvbpmdflrtgozqhocchiadoovhudmhcccqqqqqqqqqqqqqqqqqqqqqqqq,0,0,11.391359,0.013668502,1.7329413e-08
ivdvsiuahvlvlsceroufpirdvzcgphmcgbcvgrnfoprbcqdtzvdd,ivdvssuahvlvlscertufpirdvzcgphmcgbcvgrnfoprbqqdtzvddiiiiiiiiii,0,0,11.750768,0.02511229,5.5619406e-08
uivgoegvrsuqtsloufdsiugbgnaucefsdser,uivgoegvrsuqqslcufdsivgtgnaucdfsdseruuuuuuuuuuuuuuuuuuuuuuuuuu,0,0,11.188252,0.012568567,1.6833633e-07
zffqcftvnmdboedpdhmfavvbidqcpfmuvh,ffttvnmvnmdboedpfanfavvbgdqcpfmevhdfffffffffffffffffffffffffff,0,0,9.827626,0.040842608,1.5787029e-07
ucqrnfdsicmpumbnmzhdzdcgdadlcbgpuhlznlnghvrbcruigzcud,qqqrnfdsiimmumbnczhdzdcgdadlcbgpuhlznlngcvrbbnuigicuduqqqqqqqqq,0,0,11.047399,0.015139885,7.7433135e-08
hhooshaiabhaiconsthtlcqcvvdisauvsqtdslgtvdz,hhooseahabbaiconsthtlvqcvvdisauvsqidvlgtvdzhhhhhhhhhhhhhhhhhhh,0,0,10.125916,0.067207195,2.578439e-07
ghcrrqedfhazfbgddgmindaocvqlqfbnpgfivnursirslvacfvacfvhd,ghcrrgedfhazfbggdmminnaocvqfqgbnpgfivnrrsirclvacfvacfvhdgggggg,0,0,10.660991,0.029656393,7.906912e-08
rznriqrmzatrodnlmpraqleumqg,rznraqrmratrodnlmpraqlquqqgggqqrrrrrrrrrrrrrrrrrrrrrrrrrrrrrrr,0,0,11.143195,0.010534161,1.1735146e-07
qzitbnmqdhbghcapzcnsdlhlcfqmuoniirvqqlu,zzitbnmqdhhghcapzcnrolhlcfqmuoniiivqqlrlliiiiiqqqqqqqqqqqqqqqq,0,0,10.555522,0.064616665,8.4798444e-08
pppqrigmniqessmqecfrgvfqphzthoirtqpsa,pqqrriitniqetsmqecfrvvfqphzthoirtqpsappppppppppppppppppppppppp,0,0,11.2429085,0.056255613,6.653374e-08
hszoiiqavfquberntpefqfoatniblfbqeagmspise,hshoiiqavfqubernttefqfoatneblfbqtammspisehhhhhhhhhhhhhhhhhhhhh,0,0,10.651939,0.03805622,5.2193656e-08
ufauiffcrpbleomnnueltflilftsumizogeq,ufauiffcrpbltomnnufltfliffssumizogequuuuuuuuuuuuuuuuuuuuuuuuuu,0,0,11.0793085,0.06370195,4.4196874e-08
isp-ah?duabphtlvjzg?ktfdrsnhamciedvfcmmpnbgvntsnrq!mqu?z,isp-ihsduabbhqivjvghktfvasnqamciedvfcmmpnbgvntsnrqvmqubziiiiii,1,0,11.141017,0.029264288,6.88054e-11
sutozcatinudouqrshznlzfhqeqrlgogiczpvmqigoctnemvegzplp,uutozrbiiiudopqrsnzslzfgqeqrlgogiczpvmoioootnemvegtplpisssssss,0,0,10.609208,0.034534175,4.3138762e-08
ovfbtfszrqafgsruvaotmtpfmzeqlpofslacihcogvihuvasteazov,ovfbtfszrqafgsruvaotmtpfmzeqlpofslacimcogvihuvastebtovoooooooo,0,0,12.50042,0.006410083,8.837297e-08
vdgmuamnbnufcbontqpihusbcgtphtsq,vvgmuamnbnufcconnqlzhuhbcgtchttqhhqvvvvvvvvvvvvvvvvvvvvvvvvvvvvv,0,0,9.5457735,0.0146286115,8.505749e-07
bpphrdezzsnpcenbdavhdpgcodgtvegvegcueeunlrtmhlsetfzl,bbprrdezzsnpccbbdaphdpgcodgpvegvegcceeunlrtmhhsetfzsbbbbbbbbbb,0,0,10.595358,0.064591475,8.048526e-08
gnivmtagzevoorzhhgdpaisvszmvntstrmsiic,gnnnmtaggevooezhhgdgaisvszmvntstrmsiicgggggggggggggggggggggggg,0,0,10.513948,0.085523814,6.179399e-08
fervieslbfvofsgvivmrtbcilmzcrmcqviatic,ffrvfsslbfvofsgvifmrvbcicmzcrmcqvraticffffffffffffffffffffffff,0,0,10.906763,0.013513473,6.279831e-08
umzptptvhfpznduuffmqafmczhmllnocpnldacfqv,mmzptptthfpznduuffmqafmczhmolhocpnldacfqvuuuuuuuuuuuuuuuuuuuuu,0,0,11.2809925,0.059485156,4.2985754e-08
vvbtbuoludfzlliqbnmprfqddbsqufzvqbeoezqalrbhur,vvbbeuoludfzlliqqnanrfqddvsqufzvqtboezqalrmhuruvvvvvvvvvvvvvvv,0,0,9.981496,0.07106814,6.903236e-08
upgbhuozzecnlppfnbeoun,upphhuozzecnltpfnbeoupuuuuuuuuuuuuuuuuuuuuuuuuuuuuuuuuuuuuuuuu,0,0,10.1585245,0.06333521,1.0489966e-07
hvhlanzuolfvmisbdgsihllpbrgtrhgnbnoaaqrntligcgsbbldqghb,vvhlanzvovfvmtsbdgsmhllpbrgtrhgnbboaatrnttiicgsbbldqghhavvvvvv,0,0,10.224516,0.06752778,2.3687056e-08
asszaporcgrpdmgdmudduddhfzbcbrhbaegtsdiohceslvegfsuttfrz,aasaaporcgrpdmgdmudduddhfzbcbrhbaegtseioosesvvegtsubtfrzaaaaaa,0,0,10.617796,0.047658328,5.4076377e-08
hzsrafabcaqzofspimoaemhnnmndhpzfocalpaslasrvbzh,hzsrafabcaqzoffpimoaemhnnmndhdzfocalpaslasrvbzhhhhhhhhhhhhhhhh,0,0,12.187117,0.025226636,1.2225868e-07
pcinitzmqasierfuptlvspotulrqipeblfbasofucahvgs,cccnitzaqanierfupttespotulfqipoblfbasofucahvgspppppppppppppppp,0,0,11.497498,0.01436607,1.6623292e-07
oqiscvmicebubscnbbtsmirafnpua,oqiscvmicebbbbcnbbttmirafnpuaoqqqqqooooooooooooooooooooooooooo,0,0,11.960485,0.04436054,6.2156914e-08
rbifhqfscbdciznpffees,rbifhqffcbbaiznpffeesrrrrrrrrrrrrrrrrrrrrrrrrrrrrrrrrrrrrrrrrr,0,0,9.850957,0.11202103,1.541286e-07
slaqmihfuiqetlmdmafshgvt,llaamihgufqetlfdmafssgvtssssssssssssssssssssssssssssssssssssss,0,0,10.555184,0.021700846,1.6201136e-07
agmvpuubufrrcgcdfospqrustusgasr,ggmvbuubafrrcgcffossqqusousgasraaaaaaaaaaaaaaaaaaaaaaaaaaaaaaa,0,0,9.815199,0.08902026,3.4970707e-08
vmpoqecbvsqpttqmadacvftnuaoztd,qppoqecqvvqlttqmadacvftnuaazzdqppppqqqqqqqqqqqqqqqqqqqqqqqqqqq,0,0,9.876288,0.061947644,6.5221634e-08
daaiaaoetpvcmzanvinqqebnzhbvpgbadpusbaueelaeochoqdaoizzmbtz,naiaaaoeepicmmanvinqgebnzhbvpgbadpusbaueedaeechpidaoizzmbtzddd,0,0,9.868125,0.12090797,5.467381e-08
ezl@hervdhrslu?gdeutfdeamzrsqfouzqoinnectcxzaurgrhqfzptqouh,zzzghervdhpssuqgdeutfdeaagrsqooozqoiinectcxzgurgrhqfzraqouheee,1,0,10.638243,0.016684584,1.8014862e-08
ahsphocfbrimgnbagraoachsiregagsctnvfhcsomhrdulmugnsbdtc,hhsahocfbrimgnragrooachsiregagsddnvfhcsomhpdllmugnsbdtraaaaaaa,0,0,11.554572,0.014138909,9.100134e-08
eabbmpbbcpudhrsvbelggdeposbfgcrzpbabmtoqlpbazol,eabbmpbbupudhrsvbelgbdepossfgcrzpbabmtoqopbaaoleeeeeeeeeeeeeee,0,0,10.635977,0.075116925,7.805063e-08
rapnusqntsbacqtffgmboolluimfqham,rapnusqnttbacrtffgmbbolluimfqhamrrrrrrrrrrrrrrrrrrrrrrrrrrrrrr,0,0,11.187204,0.07130842,3.0263067e-08
tccfespoelqseribrzgigv,ccffesppelqserrbrzgigvnnnnnnnnnnnnnnnnnnnnnnnnnnnnnnnnnnnnnnnn,0,0,10.85924,0.061369717,1.023286e-08
eobdrpilnsgvonzstupmvqucgsrvgngbmrvgqrrsa,eobdrpilnsgvoozstupmvqucgsrvgvzbmrvgqrreaaeeeeeeeeeeeeeeeeeeee,0,0,11.313468,0.030675769,8.177063e-08
qfluebstdnveorgomsprvsfhpdan,ffldebstdnveotgomssrrsfvrranqqqqqqqqqqqqqqqqqqqqqqqqqqqqqqqqqq,0,0,9.45968,0.029673317,2.773567e-07
prlsbtgtnnzzznkoaafqehigdrrtrr,prlsbtgttnnzznkoaatqehhgdrrtrrpppppppppppppppppppppppppppppppp,1,0,9.37795,0.14065872,3.551948e-08
pcoiljcgpzdqraeizbgbv,pcoiijvgpzdqraeizbgbvppppppppppppppppppppppppppppppppppppppppp,1,0,11.359718,0.01477846,2.5534215e-08
uqzhqtebttutoldigvsd,qqqhqtebttutoldigvsduqqqqqqqqqqqqqqqqqqqqqqqqqqqqqqqqqqqqqqqqq,0,0,11.32342,0.060426105,2.3544132e-07
lzdbezgdlmbtdqldehqogsctmuqmulertrsolvhuz,lzzbebatmmttdqldehhogqcmmuqmuoertrhelvhuzlllllllllllllllllllll,0,0,9.875653,0.021340236,1.7353209e-08
nvhdlbuntmggodetufqdvbvubquiuqrib,nvhdlbuntmggodetufquvbvubquiuqribnnnnnnnnnnnnnnnnnnnnnnnnnnnnn,0,0,11.631492,0.034700144,1.14883804e-07
qedtidobehgarotfpgitirzcunivhczaqvduglsrvgu,qedtitobetgarotfpgittrzcunivhvzaqvduglssvguqqqqqqqqqqqqqqqqqqq,0,0,11.671709,0.010606169,1.2221648e-08
zotleigoelammzcrzvhagloihuldappredurpqvvdcqrph,zotleigoelammzctzvhagloihuldappredurpqvvdmorphzzzzzzzzzzzzzzzz,0,0,11.2502,0.071007825,2.1470903e-08
emgtrgfuodshiizgleuedhlebleloptqdsgm,eegtrgfuodshiozglbuurhlebbbnoptqdsggeeeeeeeeeeeeeeeeeeeeeeeeee,0,0,10.191923,0.036187258,6.643629e-08
unablorltoeugbnlezrphdeofhqzgmhnptfmfossrqbugetbembl,nnaalorltoeugbnlezrphdtofhqzbmhpptfmmossrqbubetbebbluuuuuuuuuu,0,0,11.303376,0.032331567,4.0946755e-08
nfgsedndzhrrthmeoeuhpvdsclrphzhpunbv,nfgsebddzhrrthmeoeuhpvdsclrphzhpgnbvnnnnnnnnnnnnnnnnnnnnnnnnnn,0,0,11.990051,0.04059415,8.7425164e-08
qcssohriancgdhpfuntnbehdvcvbluz,qcqsshriancgdhppunnneehdvcvbluzgqqqqqqqqqqqqqqqqqqqqqqqqqqqqqq,0,0,10.988512,0.012784783,6.896638e-08
mevhczmzecnngfcesdunrdaedhgmniqqqulmirps,mmvhczmzecnnofcesduntdaehhgmniqqqullirpsmmmmmmmmmmmmmmmmmmmmmm,0,0,10.6161175,0.060199827,6.4595365e-09
aehqnqudngevgbabdomzzeztvzsgulhhsegrhfpnhlhitfqtzd,aahqqqudngeegbabdomzzgzgvzagulhhsegrhfpnhlhitfqtzdaaaaaaaaaaaa,0,0,11.328423,0.047750834,5.761053e-08
ghdsrkteuesbhfgidqmcgdqnbp,ghhsrkteuesbhbgidqmcgdqnbpgggggggggggggggggggggggggggggggggggg,1,0,11.91757,0.010473803,5.2880105e-09
zlcsntrrbusbvpduaouadotaigsazdl,llcsntrrbosbqpddaouadttaigsazdlollllllllllloooooooooooolllllll,0,0,10.835077,0.055106465,1.057627e-07
imofrvgqnulqhhmfqeamopnfnegcrefmncgftflgdtqhgobqfctdesvdhuh,imofrvaqnultehmfqeamoonfntgcrefmncgftflgsnqhgobqfctdesvdhuhiii,0,0,11.40764,0.0075114975,9.767598e-08
goifeszzrdiffmueqmtiorm,ggifeszgrriffbueqmtiormiggggggggggggggggggggggggggggggggggggggg,0,0,9.545604,0.09686343,1.4559306e-07
bnurnbzqpozaldvcftgabzqqu,bnurnfzqpozaldvcftgabbqqubbbbbbbbbbbbbbbbbbbbbbbbbbbbbbbbbbbbb,0,0,11.27821,0.049707316,9.977609e-08
lesdvdovaczvbfroinpvqbvval!l-e,llssvdovaczvbfroonpvqbvvvlql-ellllllllllllllllllllllllllllllll,1,0,10.357374,0.04460001,1.22336425e-08
qfhnefnesasauppurganfvnfunqililpeezlrseuf,ffhnefnesasaufcurganfvnfunqililpezzlrsdufuqqqqfffffffffffffffff,0,0,11.1829,0.040553886,1.7099223e-08
otlqfnsmtsgibaavnazmanconivelbivdvgbsutd,ttlqfnsmtsgibaavnazmanconiielbivddgbsstdootttttooooooooooooooo,0,0,11.118189,0.038440324,3.5063567e-07
buvsprthtuueztilpeundcfqqtt,buvspgthtuueetilpeundbfqqttbbbbbbbbbbbbbbbbbbbbbbbbbbbbbbbbbbb,0,0,9.828557,0.12207648,8.9339025e-08
bmnfihalgvzcrifszpioqevdrbpl,bmnfihabgvqcrrnszpiiqevdrbblbbbbbbbbbbbbbbbbbbbbbbbbbbbbbbbbbb,0,0,10.814386,0.016632885,7.583431e-08
zbehtffpghdoqdedpoclpeghimoe,bbehtffpphdopdedtoclpeghimoedddbbeoooooooooooooooooooooooooooo,0,0,11.260285,0.050316572,1.1484767e-07
hhiqumoblrzrsnhcuztpnzgtdgivhhcvbedqahrirhvibelt,uhhbummblrzrsnhguztpnzgtqgivhhcvbeqqahrhvibeltrhmhhhhuuuuuuuu,0,0,10.066903,0.032917112,7.633918e-08
ergmtsmcmthnmoqvgdddgupncfhanstpnecqcuhnphasvumluz,eeemttmmhtqnnoqvgdddeupncfhasstpnecqcchnfhavvumluzeeeeeeeeeeee,0,0,9.570715,0.057693016,5.6993876e-08
ugtfgoireghfcncmopapvcuvnahohdzevtzohanzgepzfmfevre,ggtfgoireghfcncmopapvcuvrahohpzevtzohanzbepzfmfevreuuuuuuuuuuu,0,0,12.310945,0.015561321,2.2522139e-08
fzmluiqczqhlhakdgnttzotqrmfhhnv,fzmlfiquzqhhhakdgtttzottrmfhhnvfffffffffffffffffffffffffffffff,1,0,10.713363,0.07739066,5.1125635e-08
baasterfclcceushgdvablbpbczobubdgbhooeviitmopvb,aaasterfclcceushgdvablbpbczobumdgbhooeviitmopvbaaazzzzzzzzzzzz,0,0,11.422679,0.08935381,8.185124e-08
pssizgpalnprohbdlcidafqvsuca,pssizgpalnprohbddcidafqvsucapppppppppppppppppppppppppppppppppp,0,0,12.865288,0.03945868,5.0309026e-08
iltzvaefnsbsbngesataempeovvbpddfbspmzrvhlceistoanh,iltzvaefnsbsbngesataempeovvbtddtbhpmorvhlceistoanqiiiiiiiiiiii,0,0,11.158755,0.048899204,1.2270675e-07
glanrclogzeolplupqmbubrhmad,glanrclogzeelplupembubrhmatggggggggggggggggggggggggggggggggggg,0,1,12.074178,0.0029499414,1.32355e-07
bhmscgszmpgfzebslbqeaaevdldve,hhmmigszmpgfivbslbqeaaevdldvgbbbbbbbbbbbbbbbbbbbbbbbbbbbbbbbbb,0,0,10.539791,0.05047006,3.0152318e-08
sgvfeaemibofzehlligcrdfcl,gggfeaemibofzghlliccrrfvlsssssssssssssssssssssssssssssssssssss,0,0,9.8575735,0.07781261,1.8013422e-07
qrqoozdmqzrgueflbnotlnsgrqconhimislhpvdoi,rrqoozdmqzrgueflbnotlnngrqoonhhmislhpvdorrqqqqqqqqqqqqqqqqqqqq,0,0,11.622714,0.03583008,4.295483e-08
v!aagucvhtgzwezedpqqqh?jmqhz,vvaagucvhtgzrezebirqqhbjmqhuqqqqqqqqqqvvvvvvvvvvvvvvvvvvvvvvvv,1,0,10.555968,0.07968889,3.841744e-09
nelvsscvgdzhmffnnmqnszhvmaudllsvzeuazeorfum,nelvsscvgdzhmfftnmqnsznvmaudllsvzeuaeeorfumnnnnnnnnnnnnnnnnnnn,0,0,11.265368,0.07805359,7.665014e-08
fbaungbqzcphfdlllcrhomqvpzcq,fbaungbfzcphddlllcrhomqvhzcqffffffffffffffffffffffffffffffffff,0,0,10.830321,0.08062814,1.316893e-07
alelcnefqfuamimlurrirtnoivzmtzqtvqtthurmcoifutbcmbt,llelceefqfuamimluaairtnoivzmtzqtvqtthurmcoifutbcmbtaaaaaaaaaaa,0,0,11.690976,0.029083215,1.6348405e-07
cciccbfdpgnvqatgfqtmpzrpqdsufvmrgleizvnuqof,cciccbgdpgnvqatgfqtmpzrfqdsnfqqrgceizvnrqhsccccccccccccccccccc,0,0,10.051012,0.05008544,3.505632e-07
romldhplsvpctpndtctgvhdb,romlrhrlvvpctpndtccgvhdhrrrrrrrrrrrrrrrrrrrrrrrrrrrrrrrrrrrrrr,0,0,10.464257,0.013278384,2.7140254e-07
znqfpvhlqafhsreacqhqg,znqfpvvlqafhqreacqhqgzzzzzzzzzzzzzzzzzzzzzzzzzzzzzzzzzzzzzzzzz,0,0,11.031292,0.013692019,2.2759029e-07
iovfuddhzhp!ptqebyqcrsdfin,iovfuddhzhpqptqtbyqcrssfiniiiiiiiiiiiiiiiiiiiiiiiiiiiiiiiiiiii,1,0,11.173326,0.05336129,3.511e-10
nnhmfsmplegpoanpdnuhbsutzauohzntvgpmiaqusfdpfhau,nnhmfsmplegpoanpdnuhhssttuohgntvgpmiaquffdpfhunonnnnnnnnnnnn,0,0,10.438941,0.01143768,1.2323999e-07
snzuflstdmcnrgasviegghhddgzafebberaourtssgdecmun,sszuflstdmcnrrivviegthhddvzafebberaourtesreecmunssssssssssssss,0,0,9.666956,0.09682939,2.490721e-07
riquhzlatsfpmbaazgmzmdeaamilldadm,riqurzlatsfpmbamzgmtmmeaaoiildadmrrrrrrrrrrrrrrrrrrrrrrrrrrrrr,0,0,10.033518,0.0742256,5.5613565e-08
blccchupzueguafvbhhimvhtiseimvafbosumeqhemdbpqatstqlqsmfvv,bbccbhupgueguahvlhhimvhtiseimvafbosumeqvembbpqasttlqsmfvvfbbbb,0,0,10.423902,0.07835367,7.3566774e-08
uguruuaqpfbidsggdonguerpesvmgssiiloiebbadmflohtncttqfgqzimcl,uuaruurrrfbidstgdonguedpestmgssiiloiebbadmflohtncttqfgqzimcluu,0,0,10.514668,0.07859833,1.3876081e-07
avbiigocmurldbngiebtzfncvcdduoz,vvbiigocmmrldangiettzfncvcdduozaaaaaaaaaaaaaaaaaaaaaaaaaaaaaaa,0,0,10.8987,0.078396104,6.779427e-08
sidlmtqlzzhzzuqgprumtgmtllnqmicnsgoer,iidlmtqlzahzzrqsprumtgmtllnqmiinsmoersssssssssssssssssssssssss,0,0,10.1071205,0.0945248,3.1319654e-08
ihvtvibcddddguhnzhttyx?nbfssz,hhvtviicddddguhzzhntyxvnbfsszhhhhhhhhhhhhhhhhhhhhhhhhhhhhhhhhh,1,0,8.983512,0.15583818,2.516126e-08
ooemgaatuptcomnzutdagfoaergrshrpniv,ooemgaaauptcomnzutdagfoaergrssrpnirpppoooooooooooooooooooooooo,0,0,11.535496,0.047955364,8.0205915e-08
nmcnltvoemssqeofqcocmvatafrmluulecrcv,nncnntvotmssqeouqcocmvataffmluulecrcsnnnnnnnnnnnnnnnnnnnnnnnnn,0,0,10.161182,0.06454695,9.469172e-08
uqggvrbvetpcoogacbineeqvttihesgf,qqggvrbvetpcoogaciiieeqvttphnsgfuuqquuuuuffffffffffffuuuuuuuuu,0,0,9.612112,0.13871567,1.0646577e-07
vahrzobpemrtlmbsqihicudfzadgccg,vahrzvbpemrtllbsqghicudpzabgccgvvvvvvvvvvvvvvvvvvvvvvvvvvvvvvv,0,0,10.965428,0.041256256,5.36858e-08
cuzqqvmtuazheapnmuzprollpuufirzspb,cucqcvmtuazheapnmuzprooreubfirzspdcccccccccccccccccccccccccccc,0,0,9.975365,0.07088466,1.1700356e-07
dpitfgvotfhupcgliqsvdchntlhvrdcaog,dditfgvotfhupcgliqsvdcdttlcvvvcaogatdddddddddddddddddddddddddd,0,0,11.133242,0.012332,1.9450141e-07
fdsotehnolnfatqihzabdr,fdsotefnollfatqihcabdbffffffffffffffffffffffffffffffffffffffff,0,0,10.893839,0.010186249,2.8685482e-08
zvnlufavpgnudahoabebcipgboqdfbuv,zvnlufevqrnudahoabebcippboqubbuvzzzzzzzzzzzzzzzzzzzzzzzzzzzzzz,0,0,11.214321,0.01416849,2.3528065e-08
feddbfdrzforqqafieoctturgdvzdmdsbvdtlueozmdancdoqhhqreh,fefdbfdrzfoftqqfiioctturgdvzdmdsbvdtlueozqdancdoqhpqrepfffffff,0,0,10.8481245,0.04594104,4.569687e-08
ecplelbedivrvrffesnol,ccplelteddvrvrffesnnlddddddddeeeeeeeeeeeeeeeeeeeeeeeeeeeeeeeee,0,0,9.45694,0.06928214,3.4167252e-07
fiooubhrtfeisbnsmspzrtrnzlvqezcrzagzpnfoafdin,ooooubhetfessbnsmspzrtrnzlvqezcrrazzpnfoafddnooooooooooooooooo,0,0,11.389145,0.051124237,8.2641705e-08
hgupcbbapubtlesezsunlugcevbpzzt,hgupcbbapubtlesszsunluucevbbbzthhhhhhhhhhhhhhhhhhhhhhhhhhhhhhh,0,0,11.143423,0.047655623,6.080091e-08
hmtflrmlhunuborsdlvsz,hhfflrmbhunubbrsdlvsshhhhhhhhhhhhhhhhhhhhhhhhhhhhhhhhhhhhhhhhh,0,0,11.3813305,0.026866665,4.2307267e-08
qofepglplhlupdbdeubuaemqh,qoffpglpphlupdbbeubuaamqhqqqqqqqqqqqqqqqqqqqqqqqqqqqqqqqqqqqqq,0,0,10.602579,0.015166501,8.412116e-08
gxotrnztqvhqivgrcunjstbingimmdzzdbmrumlevouacphumi,gxoornzgqvhqivggccnjsttingdnddzzdbmrgmlevooacphuhigggggggggggg,1,0,10.51491,0.031010179,7.4599775e-09
poflscocvmlupbtbqdsizgmdalchhac,poflscocvmlupbtbqdsizgmpalchhagppppppppppppppppppppppppppppppp,0,0,12.518314,0.04164138,1.6636763e-08
hobebgprtffrsdzqissgngnsdoiu,hobeegprtffesdzbigsgngnsdoighhhhhhhhhhhhhhhhhhhhhhhhhhhhhhhhhh,0,0,10.294833,0.050234023,1.4762622e-07
zpzrsdqrqgptrqiblduqoaoebfitdqleiqbdrtprvrfzcfgclds,zpzisdqrqgptrqiblduuttoebfitdqleiqbdrtprvrfzcbgcldszzzzzzzzzzz,0,0,11.47338,0.007910899,6.707439e-08
vrtsqetfnnszhmrqpgspmoscmbmeeiqzrl,vrtsqttfnnszhmrqvgspmoscmbbeeiqhrlqvvvvvvvvvvvvvvvvvvvvvvvvvvv,0,0,10.21292,0.06673109,1.809521e-07
gussm!dezqdirhwltsvtyumthvtoctlsq-!htyqdpronu!bdl?,gussmgdgzqiirhwlssvtyumhhvtocqlsm-hhtqqdpronubbdlgggggggggggg,1,0,10.73493,0.038357124,2.8075832e-12
lfseb#darppkelrhvepaqgir-olbfrppzzpe,lssebbddrppkelrhvepaggir-slbfrpgzlpeppllllllllllllllllllllllllll,1,0,9.390247,0.097770415,1.9146597e-08
qvnpsauvhaeabvbiarznfdpeiucmnniaufashtuvdzupshb,qvnpsauthaeibvbiarzqfdpeiucmnniatfashttvdzupspbqqqqqqqqqqqqqqq,0,0,11.262017,0.030410135,9.537833e-08
lpdrsabvsvzbvomignvapufohzccoegbnbocprzgdoqz,ppdrrabvsvzbvomignvapufohzccoegbnbocprzgddqqpppppppppppppppppp,0,0,12.040154,0.030261688,7.4228886e-08
tfztgfrfisruzqtndufulus,ffzggfrfisruzqtneufufasttttttttttttttttttttttttttttttttttttttt,0,0,10.500182,0.03172453,1.17601076e-07
mzniifzqtdsttpofinvgmeqaqdpmnlgnce,zzniiffttzsttpooinvgmeqaqppmnlgncemmmmmmmmmmmmmmmmmmmmmmmmmmmm,0,0,10.485559,0.07617743,1.9760609e-09
qfbluafzrzuogobqonlbfbcsilrnscnimrdbcpiblduhgirblspvglmasncu,ffbluufzrzuoooeqonnbfbcsilrnsctgmrdbcpiblduhpirblspoglmannnsqq,0,0,11.101133,0.01726356,3.6035935e-08
plsidrcepcqpzdndrrzadclzrhtnntzghzmi,plsidrcepcqpzdndrtzadclzrhtnnttghzmipppppppppppppppppppppppppp,0,0,11.572164,0.06057705,2.43116e-07
onltfqslvffqcbfivbqvh,onltqqslvfffccfqvbqvhooooooooooooooooooooooooooooooooooooooooo,0,0,9.625951,0.066605024,1.2927678e-07
lzigptucrnhqnshpuooaurnbrdftccd,lziggtucrnaqnshhhooaurnbrdftccdtoollllllllllllllllllllllllllll,0,0,9.954036,0.04188334,1.483399e-07
dsbaubnpmpcsdpvqcdncammlvslzzfralizlqseqadmidaefbvoceprfr,dsbaubnpmplssqdqcdncammlvslzzfralizlqseqadmiiaefbvoceprfrddddd,0,0,11.9383335,0.024970418,2.7468387e-08
a?gnnllpumonmryfavpibrgnfqevxmye#bqb?qwsdrmuuhn,gggnnllgumonaryfavpiqttnfqlgemyeqbqbdqwsdrmuuhnggggggggggggggg,1,0,10.46175,0.07542775,1.0880919e-10
qbedmnbvlsurvafunragunffzcihggfqborfrbahe,qbedmnbvlsurvafunrqgunrfccihggfqoorfrraheqqqqqqqqqqqqqqqqqqqqq,0,0,11.2770405,0.036589496,3.2210064e-08
lo!hcib#uoevafbtnazngeyhgxmqsyrq@pslaeunhbnmnollzqr@#z,loolcibquoevafbtnazngeyhhxmqsynpqpslaaunhbnmaollzqrdzzllllllll,1,0,11.198579,0.02815796,1.5655931e-11
fleftgomdonttecqoeoqezhiqotccrqfifnnholmhhnsvavgtsfneurtlmaa,fleftgtmdonttecqueoqgzoiqotccrdiifnhholmhhnssaassneurtlmaass,0,0,9.190108,0.09470305,4.2930647e-08
hhncmtgpqntoiftrpvoaidqpfeecbgceoos,hhncmtgpqntofffrpvoaidqpfeecbgceosrsphhhhhhhhhhhhhhhhhhhhhhhhh,0,0,10.651381,0.05124949,1.452074e-07
lvunguhzcbpddqcnszrqcq,dvuughhzcnpddqcnszrrcqvhzlllllllllllllllllllllllllllllllllllllll,0,0,9.2544565,0.060097657,1.0551562e-07
psvoccqiddmgptvgfshogbuiveqv,psvopccdddmgptvgfshogbuivmqvpppppppppppppppppppppppppppppppppp,0,0,10.999407,0.047135826,1.3144995e-07
fbmarrdsrlbzcrahreuc,hbmarrdsrlbzcmbhrruchrhhhhhccccccccccccccccccccccccccccccccccc,0,0,10.4237,0.060769618,1.2736248e-07
epczzlvazbrpqvicbiabqpqgzgicfuzpvazscc,ppczzlvazbrpqvicbiabqpqgagicfuapvazscceeeeeeeeeeeeeeeeeeeeeeee,0,0,11.471372,0.06123985,4.002429e-08
thrgiiupeaaoruzcbeqtnqqbeofn,hhrgiiupeaaoruzcceqtnqqbebfnnhhhhhhhhhhhhhhhhhnhnnhqqqhhqqqqqq,0,0,10.123696,0.12037357,1.01049885e-07
ommthdaagpshzohgcmqm,mmmthdaagpshzohgcmqmhmggmmmmmmmmmmmmmmmmmmmmmmmmmmmmmmmmmmmmmmmm,0,0,10.462407,0.10698179,3.5412137e-07
cqruffgabpagehrhznzrscutadtcn,qqruefgabbagthruznzrscutadtccqqqqqqqqqqqqqqqqqqqqqqqqqqqqqqqqq,0,0,10.843554,0.012328857,8.127654e-08
emehvdntftbmeglogptelzvznzqiu,mmehedntftbmeglogppelmvznzqiueemmeeeeeeeeeeeeeeeeeeeeeeeeeeeee,0,0,11.754266,0.014586717,2.9278993e-08
sborzfloneaprtiablsbaemaaadsrcsnitb,sborzflootaprttablsbaemamadsoadnuchbsssssssssssssssssssssssssss,0,0,9.405783,0.043555122,5.194071e-08
mztrdqlvzpigeifrhptmclsnom,zztrdqlrzpigeifrrptmccsnormmmmmmmmmmmmmmmmmmmmmmmmmmmmmmmmmmmm,0,0,11.313094,0.016305305,6.1635255e-08
ontnierpnpnoenrrhgvsaltdtmdnolnhspqdf,ontoiernnppoeorrhgvsaltdtmmnolnhspqdtnnoooooooooooooooooooooooo,0,0,10.402862,0.038792,7.047329e-08
gqlmiedrgmrdqcsimgomhaszciunqunllbc,qqlliedrrmrcqccimgomhpvzciunqunllbcqqqqqqqqqqqqqqqqqqqqqqqqqqq,0,0,10.794571,0.039254494,2.7146717e-08
fnierbunengngffactrdhuvfhteddeghgioqsefdmzgcutt,fnierbunengngfactrdhvfhteddethgioqsedmzgcuttfcfffffffffffff,0,0,11.035336,0.06797768,1.3066891e-07
zvcmrrvpufqrmaqupmcffalpohmftcfqnguqtunvbq,zvcmrrvprfqzmaqupmtnfaloohmftcmqnpoqttnvbqzzzzzzzzzzzzzzzzzzzz,0,0,10.311968,0.039357554,7.518859e-08
enzafqunnfoanohgnttshnmvutgsncpuzclmvvmzafvorpbeuqm,nnzaeqznnfoanohgnttshnmvutgsncpgzclmvvmzafvorpbeuqmcnnnnnnnnnn,0,0,11.033075,0.07234198,2.2119774e-07
qahabhensplmflifisgcqolmug,hhbahhensplmfliiisggqqlluupaqqqqqqqqqqqqqqqqqqqqqqqqqqqqqqqqqqqq,0,0,8.431528,0.03063068,3.0562984e-07
chaivohcgdtzvnrrcmsvesupuqzmu,chcivohcgdtzvnrrcmsvesuquqzmuccccccccccccccccccccccccccccccccc,0,0,11.030564,0.047192123,7.222536e-08
qauhfvhgfbcvnftmpqulfqbavstaqimheedcumlvtcholqeafaq,qauhfvhvfbcvnftmpqtlfqbavstaqimheedccmlvtchorneafadqqqqqqqqqqq,0,0,11.316547,0.026964782,3.0397334e-08
cezvnofcniqhtvczrcigumzhplqfsiggtiqvabhruo,cezvnrfcciianvczrccgumbaplqfciggtiqvabhrhocccccccccccccccccccc,0,0,10.123022,0.03981597,4.4613632e-08
iedigmpmnrsrcnvbohvobrshmbmongcveflctinfgrpucgvcneznzzgtzb,iedigmpmnrrccnvboovtbrshmbmongcveflctinfgrpucgvcneznzzgtzsiiii,0,0,11.573494,0.026704002,1.0525776e-07
vfcqgrosdlfgmanrqqtiofqvutcuavpozahghippqoqppbafcs,fffqgrosdlfgmanrqqiiofqvuttuuvpozahghippqoqppbafcsffffffffffff,0,0,10.819186,0.075717136,5.213005e-08
gszfinvdedglslhdslztgrbburtidqfpbrgtgzazzzeoobdils,gszfinvgedggslgdslztgrbburttdqfpbrttgzaozzzoogdilsgggggggggggg,0,0,10.304796,0.06818929,7.853659e-08
cguhebghzqtmgnfpmazelthqqczpiqbapruaibrlsdqhtslepegnsfaa,cgghebghautmgnfcmazeltcqqcvpiqhapguaisrlsdqhtslepegnsfaacccccc,0,0,10.9898615,0.047564723,2.245715e-07
lrvvtffahqtizrabpmlpsrbqnhelidi,lrlvtffahqiizravpolpsrbqnheliiilllllllllllllllllllllllllllllll,0,0,10.363641,0.050357103,1.2321509e-07
vcordmgbfqhdtemfqsfmpgivdtgoppfsbvicg,cccrdmgbfqhdtemfqffmppivdtgppppsbbicgnnnnnnnnnnnnnnnnnnnnnnnnn,0,0,10.162923,0.043223597,8.581193e-08
oabdeufhfoslrnnpidscedatgggupuac,oabdtufhhoslrrepidscedatggguguacoooooooooooooooooooooooooooooo,0,0,9.823683,0.07501038,1.3964001e-07
szoaogeumcnbllhvoerbgfprbohllqmqufhdvgbfpsqutsdmtqclhiv,zzoaoaeuicnbllhvoerbgpprzohllqlqufhdvgbfpsqvtsdmtqolhivrrsssss,0,0,11.155176,0.046721466,7.9712265e-08
dquelcrcahvlpdlrnuqhcadrnzqfmqtiq,dquelcrrahvlpdqrnuqhcadrnqqfmqttqdnndddddddddddddddddddddddddd,0,0,11.694078,0.010656467,2.1661148e-08
tldazvzlzqhbgosrpthqhlfbrmzuathpntohdmmapqvinpnaazflm,tldazvzlzqhbgosrpahqhlfbrmzubttpttohdmmaprvinpnaazflmttttttttt,0,0,10.871756,0.049655564,2.161983e-08
flqqlnrdqvdbvutfntlamsivadnzzbzbunto,flqqsnqdqvdbvuuentcamiivadnzzbzbuntoffffffffffffffffffffffffff,0,0,9.497258,0.069274195,2.10238e-07
fumdbneleloeohbifvphuzahdaedq,fufdfneleloeohbifvphuzafdaedqefffffffffffffffffffffffffffffffff,0,0,11.786741,0.009859682,6.708841e-08
aohtgaqforgsmaeiuhimrutnmeivucqecrocdhbqvm,aohtgaqfbngsmaaiuhimruenneivvcqecrocdhbqvdaaaaaaaaaaaaaaaaaaaa,0,0,11.26274,0.012991386,9.018454e-08
qlqdezfdzrdosvesensmrffpvaerqpdccvtttuatefsnhivaa,qlqdezrdzrrooveptnsmffvpvaertpcccvtttuatefsnhivaaqqqqqqqqqqqqq,0,0,9.324793,0.113120206,4.0354965e-07
mcqozcalctiuqsqrtfrmutpgsuhqgclqnpccebbfpfdpedqdfge,mcqomcalcciuqqqrtfrmutpgsshruclqnpecebbfpfdpecedfdedmmmmmmmmmm,0,0,10.480641,0.029776793,1.4768379e-07
aechgqrzhvpglcmpmtshietevecqqfizurnegimusglrfdzsflfbf,aechgqrzhnpglcnpmtshietttecqqfpzurnegisusglrfdzsflfbfaaaaaaaaa,0,0,11.385854,0.028841982,2.5361132e-08
zfcphhprunacbaufrzsbgfrhuaczotgdfsifedeavaslfgqszvbhrhugha,zfcphhprunacbaufrssbgfrrufczotgdfsifedeavaslfgdszvbhrhughzzzzz,0,0,11.749733,0.026052551,6.90338e-08
zhbhanuvuunfchvulrpnbzfrhfuinclope,zhbhzfuvuunfchvvlrpnbgfrhfuincloeezzzzzzzzzzzzzzzzzzzzzzzzzzzz,0,0,11.395267,0.038401656,1.3111531e-08
cmussmtcrhuzmthselltztdoqtrumqpphh,ccussmtcrhuzmthsslltztgoqtpumqpphhcccccccccccccccccccccccccccc,0,0,10.706224,0.12421583,3.9450523e-08
hhrzpmocnqdicescbhshin,hhrzpmochqhiiescbhshinhhhhhhhhhhhhhhhhhhhhhhhhhhhhhhhhhhhhhhhh,0,0,10.668599,0.054134976,1.4326822e-07
anhsoboeudmdpcmeiubvbafmhpbqczogosolhgoadfpulnznm,aahsoaoeidmdpcmeitbvbafqhpbqczogosopbgoadfpulnznmaaaaaaaaaaaaa,0,0,11.297652,0.010081796,8.8997396e-08
olnphoqeqsoqldptqesichr,oonphoqensoqldptqesiihgooooooooooooooooooooooooooooooooooooooo,0,0,11.270868,0.0068964954,1.1408682e-07
dasavphuddoporezfcpbornzrcmlqlumer,dasavghuddoporezfcpbprnzzcmlqquqerdddddddddddddddddddddddddddd,0,0,10.94787,0.03970526,2.8733593e-08
eudchidasozppqogrvsoehqudpbvenmtluzzorgiduezghqibr,eudchadasoopppogrvsoehquddevenmtluzzorgiduezghqibreeeeeeeeeeee,0,0,11.609802,0.05226638,1.4600774e-08
tdcnpagihuliqrtoomidpcmqdzdqtmqbvmtuavmgtlglrdotmn,ddcnpagihulqqrtoomidtcqqdzdqtmqbvmtuaqmgtqglrdotmntttttttttttt,0,0,11.28588,0.034685694,1.608963e-07
fvrebfrrcersighumcmosngghuvnsnnchcabalgpvdbivhhizh,fvrebfrfcersighuecmosngbtvvnsnnchcabalgpvdbivhhizgffffffffffff,0,0,10.714104,0.089952186,2.9867188e-08
timmopnoetpablzmeihhbefplcdgrtufvz,timmopnoetpablzmeihhbbfplcdgrtuffztttttttttttttttttttttttttttt,0,0,10.90427,0.06868372,6.8964376e-08
cgsnmzgaclbgechppgssqnzmogflhzloingdigoelmqdvuhsr,cggnmzgaclbmechppgssqnzmbeflhzlmingdigoelmddvuhsrccccccccccccc,0,0,10.935526,0.054252546,6.198278e-08
zlldvbgocmcgbbudaqutezsmtpqehapzmzb,zlrddbgocmcgbbudaquteqsmtpqhhapzmzbzzzzzzzzzzzzzzzzzzzzzzzzzzz,0,0,10.918609,0.06826864,7.010582e-08
cmdizuaotzrqcbhpigso,cmdizcaotzrqcbhpigsocccccccccccccccccccccccccccccccccccccccccc,0,1,12.373067,0.00370062,1.4749884e-07
q?ttdgxgkmuoikgghtzhorelhv@pcamvisrqnxaptvxwce,qttttgxgkguoiqggvtzhhaelhvgpcamvisrqnraqtvxwceqqtttqqqqqqqqqqq,1,0,10.238562,0.057642967,8.658772e-11
rnmcolgqsgbudmhfvflddsuidbfeliistlhtu,rnmcolgqsdbudrhfvflddsuidbfeliistlhturrrrrrrrrrrrrrrrrrrrrrrrr,0,0,11.495805,0.059491724,3.2635387e-07
tltbtaescpmrzaiufvtnbamevfgnbmnmi,llsbtaescpprzaiufsttbamevfgnbmnmittttttttttttttttttttttttttttt,0,0,10.943535,0.018334532,1.5001973e-07
gfanzlccgnebezgtaclhcigqdhmhb,gffnzlccgnebezgtaclrcimrdhmhgggggggggggggggggggggggggggggggggg,0,0,11.024426,0.050955907,7.8737955e-08
svuzbvgtftpaprimpdglzrlobedftetmoszuggnbpziefodsqoqfddrbfs,vvuzgvgtftpaprimpdglzrlobedftetmoszuggnbpzimnodsqoqfddrbfsosss,0,0,11.741775,0.041293822,1.468616e-07
fnrpqrzionuputhinnicmpmbrqtqsdqdizhuczsoivhnnzmqidgbrofcf,fnrpqrzionufuthiqniccpmtrqtqsdqdizhuczsoivhhnzmqddgbrofcffffff,0,0,11.47197,0.007048356,1.8354944e-08
cvccbdmaipeepiqulpnibmcpbavglvbcanqteopgff,qvccbdmmipeepmqulunioccpbavglvbbbqqttopgffqqqqqqqqqqqqqqqqqqqq,0,0,9.288808,0.084261276,7.8301554e-08
sfcrglszphocuvslsclszhzmcfdhrvthgqtumuofzzhzuvfpsuahdpqoivd,ffcrflszppoluvslgclszhzmmfdhrvttgttumuofzzhzuvfpsuahdppoivdsss,0,0,11.341415,0.03423883,6.143457e-08
vqsdmcrsmrlovefvaomiicqtacdsgvcsqdp,vqsdmqnsmrqovefvaomiiiqtacdsgvvssdpssvvvvvvvvvvvvvvvvvvvvvvvvv,0,0,10.555373,0.03925468,1.6615157e-07
etndbolfpmemcubdmmaffnopmdagboprfqztz,etndbbffpmemccbdmmaffnopmdagboorfqltzffffffeeeeeeeeeeeeeeeeeee,0,0,10.986939,0.066276774,6.9956085e-09
chmahdevqznvgrgauquugmeeqi,mhmaadevqzgvgrqauqguveeqqqnvccmmmmmmmmmmmmmmmmmmmmmmmmmmmmmmmmmm,0,0,8.897466,0.0570762,9.361766e-08
nbsoctnsglpfvmdocmattoaroozpmguln,nbsbcnnsglpfvmdocmattoaroozzmgulnnnnnnnnnnnnnnnnnnnnnnnnnnnnnn,0,0,11.053783,0.07231961,2.559847e-08
edqmddvqqmtlclsbclvtgnqrazhuszzhdfmreeompnmsnctdzffl,ddqmdddqqmtlclsbclvtgnqrazhdszzhdfmreeompnmbnctdzffddddddddddd,0,0,10.68628,0.1079998,1.1411659e-07
cqefucsldzzsnlshhdpbpnbeczemnrmlmoaivifhs,cqefufqtzzzsncshqddppnbeczemnrrlmoaavifhsccccccccccccccccccccc,0,0,9.888665,0.06522865,1.1956065e-07
rdstuphigzhfqhbsdlintuutenndsizheputcuovhauecpvbgttbcrmdlo,rdstuphigqhfqhbsdlinnuutenndsizheputcuovrauecpvdgttbbrmdlhrrrr,0,0,11.073823,0.06242393,4.6422034e-08
pzbvlcccozudlfnhpfovgrtzniqzhbhbtcgerrpsupu,pzbvlcccozzdpfnhppovgrtzciczhbhbttaerrpsupuppppppppppppppppppp,0,0,10.137204,0.08395242,9.7377836e-08
fzmslcqmudgftgmiqaoqnvzttfmthebsipmbungbidvdzczuvgs,mfmslcqqpdgfvgpitaoqnvztttmtbemslpmbunnbidvdzczuvvssffffffffff,0,0,10.414637,0.031305637,3.6260506e-08
tqlnmsfcflevnggdvtoeeciebuddmbrudrnoafe,tqnnmmfcflevnggdttoeeeiibuddmbrudrnoaaettttttttttttttttttttttt,0,0,10.314566,0.092260934,6.380856e-08
vgouvpsqbtuhacfgaloq,ggguvvsqqtuhacfmrnoqgsnnnnnnnnnnnnnnnnnnnnnnnnnnnnnnnggggggggggg,0,0,8.889506,0.055977874,1.3652293e-07
dsdgsqftqgobocfhtfdduthvguggnpqbcdzbfuinolbaal,dsdgsqftqgobbccetfdduthaguggnpobbzztfuinclbaaldddddddddddddddd,0,0,9.737746,0.07713948,3.353206e-08
uclocclqihsuhtsobhuahzluovqsfvlbspgvp,uclocclqihsuhesobhuahzluovqrpvlbnpgvpluuuuuuuuuuuuuuuuuuuuuuuu,0,0,11.230485,0.036765646,2.3296053e-08
hqhcorqnbincttreehttcbcecqblurunpzvfcnucaopslpuvcfmcmnigrtlz,hqqcoehnbincttreehttbbcicqbluruepzvfcnucaopsppuvctcccnigrtlzch,0,0,10.321936,0.061818138,1.7374414e-07
bboulpqvdudzsnretttsibenqhdebarr,bboolpqvdudzsnretttsibeqqhabbarrbbbbbbbbbbbbbbbbbbbbbbbbbbbbbb,0,0,10.065445,0.12137418,1.3012375e-08
pbtdieamlmvrucuaundshssniq,pbtdieaalmvvupuapnsshssniqpppppppppppppppppppppppppppppppppppp,0,0,10.326898,0.049822338,2.7409627e-08
iouheildcosozrvblpavpucgtnbrtvbqihunineq,ioueeildposozgvblpavpucgtnbrtvbqihuninniiiiiiiiiiiiiiiiiiiiii,0,0,11.633005,0.010742367,7.383273e-08
ohpdapmaafbmqgrlmplrfaqnhraamubge,ohpdapmaafbmqgrlmpprfvqnhraamubgeooooooooooooooooooooooooooooo,0,0,11.814071,0.07272911,3.0720802e-08
itquhcsszirlnlvtgdhpboabggaosegdtqauueddhfchst,iiqibissnirlnlvtgdhpboantgaosegdtqauueddhfchstssssssssssssssss,0,0,10.220953,0.074257806,1.8741986e-07
iizlbqzebbrzpnntpbhlvebengafodpozglsmepsvaqzqfqfhtizlfgogs,iczlbqzebbrrpnntpbbllebengtfodiozglsmepsvaqzqfqfptizlfgogsiiii,0,0,11.463583,0.030825196,8.9674534e-09
zqaziurgsiznehacpougcohtufedppg,qqaziirgsisnehacrougcohtffedpphqzzqpppppppppppppppppppppppppqq,0,0,10.725677,0.044031747,6.880054e-08
fosz-ofkbdmqmfvisre#m!,fofz-ffkbdmqmfvvsreqqfffffffffffffffffffffffffffffffffffffffff,1,0,10.552213,0.01968496,1.7312913e-09
frmxufpomeuqqtsss-peusbnl@farqs-cofjpn#ahpzvi,ffmxutpomeuqqtsss-peussnlgfatat-ccfjbbgahpzzifffffffffffffffff,1,0,9.012525,0.07919541,3.263902e-12
ntszuq@vwspn#msovdfdnvvqmculsf,ttszuqtvwspnqmsoddfdnvvqmcqlzfqfffffffffffffffffffffffffffffff,1,0,11.299963,0.05195255,1.3470797e-10
uufbd?cbagic#fstdtlcmrvrcblglvitfp,uffbd?ubagicfssdtlcmrvrcblglvgtfsuuuuuuuuuuuuuuuuuuuuuuuuuuuu,1,0,11.4402485,0.05207241,4.55975e-11
lvgmqlpffvmlpsuhgpmoqaiusdbbabrsmugtdlsua,vvgmqqpfevmlpgupgpmoqaiusdebabrmmmgtdlsuaggggggggggggggggggggg,0,0,10.188051,0.03954988,3.127352e-07
uloimhzmohtozhrpacunep,lloimhzmohtozhrpacunepiiippppppppppppppppppppppppppppppppppppp,0,0,13.070385,0.017397214,4.0072436e-08
ogerazuttcsgmpqovqhtdlbgzbmmnhocczusirrhdzhhrn,gggaazuttcsggnqovqhgdlbgzbmmnhouczusirhhdzhhrnoggggggggggggggg,0,0,10.150595,0.107560255,1.7292793e-08
rhhlvvgspetpfzfbrmmdonahnvnabbpfepbptv,hhhvvvgspettfzfbrmmdonahnvnabbafepoptvffhhhhhhhhhhhhhhhhhhhhhh,0,0,9.946017,0.1309974,2.8675371e-08
gioiedescthucvcocolopgsdcnloargsdncnqdt,gioiedescthucvcocolopgsdcnloargsdncnqdtggggggggggggggggggggggg,0,1,12.301246,0.0004655694,4.3551825e-07
ldieteatthgehznuthdrn,ldieteatahpehznuthdrnlllllllllllllllllllllllllllllllllllllllll,0,0,11.2256155,0.010857595,2.7036296e-07
fcuohcrpantdhcqrnogoddhsqsrlfbhcisvhcgrgdnhitpnetvbiqiobud,fchohcrpantdhqqrnfghddhsqsrlfbhcisvhcgrgdnhitpnettqiqiobudgffff,0,0,11.316883,0.022990242,1.9129398e-07
omprqmutpzedrcggezqgzcnhb,mmprqmutpzedrcggezzgzcnhhepmmmmmmmmmmmmmmmmmmmmmmmmmmmmmmmmmmmm,0,0,11.155689,0.053055044,7.231848e-08
ndhtsilugnhnceqbzudblirrvdmfspfzdbfpqzgtnegeqlgtf,ndhhsilugnhncetbzudtlirrvdmfspgzdbfppzgtdpgeqlgtfgzgnnnnnnnnnnn,0,0,10.743112,0.02814609,3.279419e-08
iiavmmebzltmlpfolidl,iiavmmebzltmlpfolidliiiiiiiiiiiiiiiiiiiiiiiiiiiiiiiiiiiiiiiiii,0,0,11.184161,0.07558617,2.1214363e-07
fqfrpbsvsooddcmhaqeufftesbmgmozsctqczrqhzrqcovmzhdp,fffrpfevvooddpmhaqeufftesbmtmozsqtqzzrqhzrqhovmzedpfffffffffff,0,0,9.882809,0.07003538,2.1583753e-07
rrmavmouseaqulqanblztrvdpuszulcigcanipnqrtgzlqfobfzgaesgdf,rmmavmouseaqulvanbzztevqpuszglvvgcanipncctgzlqoobfzgaesgdvgggg,0,0,10.38063,0.031173129,5.8452137e-08
clfonrz?nkgdtkeingzlmuvundctpttlsonoaphni,ccfonrznnkgdtkeingzlmuvundctpttlsoooaahniccccccccccccccccccccc,1,0,11.80317,0.030737458,9.721258e-10
o!amqatfd-?vbh?rbchuheezroy!pugvqlshogreccyto#nssffivohvufs,oaammattd-vvbhhrbchnheezroytpughqlshogruccytogosshfivohvufssoo,1,0,10.864769,0.07019023,3.0092487e-10
sueohghcvsfraacchdirbtcapdmfqefonogatentghuciaziitrsoiq,uueohggcvsfrraccqdrrbtcatdmfqgfonogatettghuciaziittsoiqcuuuuuu,0,0,10.939617,0.053438928,7.418522e-08
gtvgvevhgocatsddagaunobaifpsseleplehmlsrgnsogvphruzl,ttvtvevbgozatsdddggunobtffpsseleplehmlssgnsrvvphruzlnnnnnnnnnn,0,0,10.147974,0.05366185,1.2143008e-07
ibhlhfsvlrasidqovcgfddf,ibhlffsvlrasiqqovcgfddbiiiiiiiiiiiiiiiiiiiiiiiiiiiiiiiiiiiiiii,0,0,10.772863,0.05829774,1.2048069e-07
hdretpmmceeqqanfdgarhqaddehcfmmhfhbhsz,hdretpmmceeqqarfdgarhaaddthcfmohfhbhszhhhhhhhhhhhhhhhhhhhhhhhh,0,0,9.282265,0.14301953,2.6236918e-07
uptcrmuuqqrorhzvqccsrrisglridsubvlfeecnblzdenqgqlq,uptcrmuuqqrorhzvqtcsrrisglridtubvlfeecnolzdentgqlduuuuuuuuuuuu,0,0,10.626795,0.087562226,8.488546e-08
magdmmasdstoetggniasnrfiddzgovqbpegpn,aagdmmasdstoettgniasnrriddzgooqbpeggpgznnnnzzzzzzzzzzzzzzzzzzz,0,0,10.719285,0.06173572,7.623091e-08
glmlmbveuqdpdobb?sszrefxsvdcarbrdlctdsurgsphrnzqiio,glmlmbveutdppobqssprefxsvdcarbrdlctdsdggpphnnzqqisggggggggggg,1,0,9.925,0.051051,1.4340691e-08
codgqptuqrzdanszdvhsaatqcoddhrlomrgmudvachhrecseeda,ccdgqptuqrzdanszdvhsaatqroddprlomrgeudvachhuecseedaccccccccccc,0,0,10.726712,0.08288889,1.2579362e-07
ipclmdpplhldihmurhdacitmpzptgpztlbuumghoorffuab,ipppmdpplgldihmurhdacipmpzptgpdtlbuumghoorfduabiiiiiiiiiiiiiii,0,0,10.609142,0.09467697,7.2291925e-08
uqbgicsnfdmperuuhdpvsulzaqmtshftecmac,qqbgicsnfompequupdpvsulzaqmtshftecmacuuuuuuuuuuuuuuuuuuuuuuuuu,0,0,11.858096,0.03659274,4.4580542e-08
gzgalldfoqolzbrdmitlrlrgun,zzgalidfoqouzbrpmitlrmrggnrggnnnnnnnnnnnnnnnnnnnnnnnnnnnnnnnnn,0,0,9.133906,0.056441385,2.1621076e-07
gutfhdrglzcqmbhhencquvsfdvrftspvssvqt,guffhdrglzcqmbhhencquvsfdvrftspvsssqtggggggggggggggggggggggggg,0,0,11.043808,0.059842657,1.5681731e-07
mddtiinxooampzvgsbvcfleskxrucc@hqjf,mddtiimxooampzvgsbvcfleokxrucctmqjfmmmmmmmmmmmmmmmmmmmmmmmmmmm,1,0,10.378336,0.12434632,1.5216864e-11
fpzuavpfulzrzdhzmzbchnhtbqpvgtmehsafrdifrancupaqopuzmtfgr,fpzuaapfulzuzdhvmzuchnhtqqlvstmehsffrdifrancupaqopuzmtfgrfffff,0,0,11.55182,0.010057078,5.0988827e-08
letcfsnozqmipngmszatvnpccsgstqht,letclsmozqmmnngaszatvnppcsgspqhtllllllllllllllllllllllllllllll,0,0,10.399517,0.015388272,3.6421397e-08
cphqezutrmldulapcahfatqgaqqnnerguntesuriou,cphqezuttmcdultpcahiatqgaqqqnrrgunpesuritucccccccccccccccccccc,0,0,10.7696,0.038655642,1.4260115e-08
lhcqbbelbrmdnofogrugiubgcufibifuirlvbzgfudcmgrahldaedaoufc,lhcqbbelbrmdnofooruciubgtufibifuirlvreghudcmgraaldaedaaufcllll,0,0,11.326001,0.026470555,1.0026668e-07
piqtsnnprtdffnrevqquavlmanuqicdpsgafavomf,piqtsnnprpdffnrevqquavlmaaqqicdpggafovvppppppppppppppppppppp,0,0,9.827367,0.0918602,3.590938e-08
leouudfnnhcerhblugeihtgsrvnvosspffnembmmopzhbdschzgmvq,leouudfnnhcerhbltgeihtgsrfnvosspffnemtmmopphbdschzgmbqllllllll,0,0,10.724247,0.09787623,4.043513e-08
abhvncqgndxomdnqebhvsqocfozcuxsuvkngdfihbaqpffcvzzfbm#aqfoeg,bbhvvcqgndxommtqebhvsmtcfozcuxsmtkngdfihbaqpmfcmazzbmgaqfoegaa,1,0,10.71565,0.013128865,3.3857728e-10
gimznqvfgbfalmgmezcuevpzbzaelohsoih,ggmznqvfggfaammmezvueeizriaelrhsoihggggggggggggggggggggggggggg,0,0,9.742108,0.01875938,3.2205827e-07
uqmefqlfeapdupmqhlaecsbzpaueapmfbgehvhogiohoucnuog,uqmefqlfeenquumqhlrecsbzpaueaambbgehvhogiohhucnuoguuuuuuuuuuuu,0,0,10.7583885,0.010591755,2.0475302e-07
svngrrolsgsbnvztvfezvfpqaupczsiaeiurmgbagcvghfdribdznei,nnngqrovigsbnvztvfezvfpbaupczsiaeiurmebggcvghfdribdzneinnnnnnn,0,0,11.205939,0.012216185,7.200847e-08
qnbcruzitobalvtbsasohnrudmmzvbfafvolpvclvvmednvb,qnbcrqqitoealvtbrasoqnludtmznbfafvolpvclvvmbdnvbqqqqqqqqqqqqqq,0,0,10.675689,0.03089323,5.0276277e-08
bemftbvttutcrsstvpfsaudilbgpqrpveqpulirimvgsnqqglriliimicrc,bebftvvttutcrqstvqfsaudtllgpqrteeqpusirimvgsnqqghoioiimicrcbbb,0,0,9.875465,0.068355575,2.5474757e-08
qbpudrpdzsvmruculofvbmcvoqlmhrrfiaenlb,qbbubrqazsvgruculofvbqcvorzmhrrfieebtbqqqqqqqqqqqqqqqqqqqqqqqq,0,0,9.161724,0.044654485,1.7268485e-07
sattsilncbmetqaomaqhtzzhbugobigevfuaaidbrivmspugtod,ssbtsllncmmebqhomaqhzzsbbgoligevfuaaidbrivmspugtodbbbssssssss,0,0,10.014742,0.053157993,5.3629307e-08
zfoqlcudshppalhtsdbhfcsltzaordoqrfsvrrelhudmodvu,zfoqlcudshppalhtsddhfcqltzaordoqrfssrrelhudmodvuzzzzzzzzzzzzzz,0,0,12.516441,0.047408074,8.633137e-09
hcncorgzzfhtbuodrudsbzuctnortlmpssntnblzuctuozucp,hcncorgzzfhtbuodrudsbzustnortlfpssntnblzuctuzzucphhhhhhhhhhhhh,0,0,11.915515,0.04532245,6.298779e-08
pqlvvlecrrdpbpusoiaalsvsssloaghiebofufvpeuvpsbabszrtg,pqlvvlrcrrdpbbusoiialsvassloaghiibofufvpeuvpsbabsprtgppppppppp,0,0,10.9427395,0.062517,1.150097e-07
oebsoligmcfatchhptnuzpsqzabnndvllvubofrpotgisihqfnlaiovi,oebbolibmccatchhptnufpsqzabnfdvllvubofgpotgisioffnlaivvioooooo,0,0,10.629007,0.06657937,4.3648924e-08
bqpgczsasstzufmlzzllchgcrppgqflcfgusnmvbofsvfriidd,bqpgccsssstzufmlzzllchzctppgqflcfcasnmvgofsvfriiddbbbbbbbbbbbb,0,0,10.05101,0.10977912,2.7127157e-08
cbudssgoqsnrgbubmioqtfmmibarcrdoeiasczzerrfltbczidnzhbsl,cbudssgoqsnrgeubmioptcmmioarcrdoeiatczzerrfibbczrdnchhslcccccc,0,0,9.989721,0.08332255,8.80992e-09
esqflqcvzmsrcftcigsecaaqrrecnvlvfbtcevoccahgehr,essslqcgzmsncfsccgsecaaqrreenvlvfbtcetcccatgehreeeeeeeeeeeeeee,0,0,9.676279,0.07947325,1.7737352e-07
vmiotodlptlvntudovplppczalalebhmsnfcdsimbpol,vmiotodvptlvvtudovplppczalalbbhmsnfcdsombpolvvvvvvvvvvvvvvvvvv,0,0,11.610378,0.029867971,7.931389e-08
ocuagzvlfiinrpthiuzhsppefhqzidruitubcecgc,oouogzvlfiinraahinphgppefvqzidfuitubcbcgcooooooooooooooooooooo,0,0,9.53091,0.06224914,7.7058e-08
suszzaaipmfnbllnuchedctaiqtmftdhsvbfemofqqbrhfqpubdnp,uusszaaipmfobllguvhedttaiqtmftdhpubfemootqbrtfqpubdnpsssssssss,0,0,10.7322,0.053025983,4.8654915e-08
zvfgonsvhsuqfpgrmaqhrrnpohnlzmzueoufuccnoznnmtinghbbgsrq,vvfggnsvhsuqfpgrmaqhprnpphnlzmmucouftcznhznnmtinghbbgsrqffffff,0,0,10.617637,0.06559272,1.6505723e-08
iavsbttbodacocnbmmipheppmzrmtsdl,iavsbttbodacocnbmmopheppmzrrtsdliiiiiiiiiiiiiiiiiiiiiiiiiiiiii,0,0,11.340395,0.09917441,4.7751026e-08
aqirqvppevwfvm?-ithrdm-mvtin#umtur?bblcbdabrffhibvsdsrfospa,aiirqvppevwfvqe-ithrdm-mvtingumtupbbbccdabraahhbssdprfospaaaa,1,0,10.218398,0.04713773,6.423058e-11
sauqhihvchupnzofmpsphqgannbedqqfiifmqocroubuulavnhtpburntm,sauqhihvchupnzoempsphqgannbedqqfiicmqocroebuulavnhtpburttmssss,0,0,11.40843,0.075860694,5.2272558e-08
secdqdgpdggtoecbsseogtfolpgtgihpvbl,eecdqdgppggtoectsspogtfolpptgihvvbleeeeeeeeeeeeeeeeeeeeeeeeeee,0,0,10.325586,0.080280796,3.6071878e-08
givviqruihmdebfrmotzmmglnhgrsllfatblzguzupqifcshqvlahci,iivvqqruihmdeqfrmotzmdglnhgrsllgatblzguzupqifcsmgvlahgittiirrr,0,0,10.800623,0.06646467,4.4267017e-09
pqeoznqluognmifnzgtqsmrulcnmhhfuesvnhgiseuimnpz,pqeoznfluognmdfnzgtqsmrulcnfhhfuesvnhgiseuimnpzppppppppppppppp,0,0,12.169979,0.025849784,1.4344502e-07
csmdabrpmlbvrhfofroauocooqsndgquacc,csmdbbrpmlbbrhfofroauocooqsndgquuccccccccccccccccccccccccccccc,0,0,11.615298,0.06519764,2.8378448e-08
vmpvdlqzbaeaqqmsqvvrczumflodrlszb,vvevdlqzbaeeqqmsqvvrrnumflodrlszgvvvvvvvvvvvvvvvvvvvvvvvvvvvvv,0,0,10.476608,0.06843028,1.4683337e-07
agtdlcgaptbzoleaaagqulcacqrfgzgmehgcocaztbbsfiunnffvsitahlf,aatdbccaptbboleaaatculcacqrfgzmmebccocactbbpfiugnffvsivahlfaaa,0,0,9.6109,0.079764046,2.2015298e-07
lermhvaczvlpmigplmguzihqgliineluzrvgadvftapfpqnhl,lernvvacgvlpmggplmguzihggliineluzrrtadvttepfpqnhllllllllllllll,0,0,10.69476,0.03195089,4.5774716e-08
zdcneupcaqosaabcrgfvvmaeeniblsotqcvbmezs,zdcqgupcaqosaabcbefvvmbcenibbsottcvbmezszzzzzzzzzzzzzzzzzzzzzz,0,0,10.225953,0.061278306,3.870379e-08
